-- ============================================
-- Customer Sales Analysis - SQL Internship Project
-- Clean MySQL Script (Error-Free)
-- ============================================

DROP DATABASE IF EXISTS customer_sales;
CREATE DATABASE customer_sales;
USE customer_sales;

-- ============================================
-- Table: regions
-- ============================================
CREATE TABLE regions (
  region_id INT AUTO_INCREMENT PRIMARY KEY,
  region_name VARCHAR(100) NOT NULL
) ENGINE=InnoDB;

INSERT INTO regions (region_id, region_name) VALUES (1, 'Northeast');
INSERT INTO regions (region_id, region_name) VALUES (2, 'Southeast');
INSERT INTO regions (region_id, region_name) VALUES (3, 'Midwest');
INSERT INTO regions (region_id, region_name) VALUES (4, 'Southwest');
INSERT INTO regions (region_id, region_name) VALUES (5, 'West');
INSERT INTO regions (region_id, region_name) VALUES (6, 'Northwest');
INSERT INTO regions (region_id, region_name) VALUES (7, 'Central');
INSERT INTO regions (region_id, region_name) VALUES (8, 'Mid-Atlantic');

-- ============================================
-- Table: categories
-- ============================================
CREATE TABLE categories (
  category_id INT AUTO_INCREMENT PRIMARY KEY,
  category_name VARCHAR(100) NOT NULL,
  description TEXT
) ENGINE=InnoDB;

INSERT INTO categories (category_id, category_name, description) VALUES (1, 'Electronics', 'Smartphones, laptops, tablets and accessories');
INSERT INTO categories (category_id, category_name, description) VALUES (2, 'Clothing', 'Apparel, footwear and fashion accessories');
INSERT INTO categories (category_id, category_name, description) VALUES (3, 'Home & Kitchen', 'Furniture, cookware and home decor');
INSERT INTO categories (category_id, category_name, description) VALUES (4, 'Sports & Outdoors', 'Fitness equipment, camping and outdoor gear');
INSERT INTO categories (category_id, category_name, description) VALUES (5, 'Books & Media', 'Books, e-books, music and movies');
INSERT INTO categories (category_id, category_name, description) VALUES (6, 'Health & Beauty', 'Personal care, wellness and beauty products');
INSERT INTO categories (category_id, category_name, description) VALUES (7, 'Toys & Games', 'Board games, puzzles and childrens toys');
INSERT INTO categories (category_id, category_name, description) VALUES (8, 'Office Supplies', 'Stationery, printers and office furniture');

-- ============================================
-- Table: salespeople
-- ============================================
CREATE TABLE salespeople (
  salesperson_id INT AUTO_INCREMENT PRIMARY KEY,
  first_name VARCHAR(100) NOT NULL,
  last_name VARCHAR(100) NOT NULL,
  email VARCHAR(255) UNIQUE NOT NULL,
  phone VARCHAR(20),
  region_id INT NOT NULL,
  hire_date DATE NOT NULL,
  commission_rate DECIMAL(4,2) DEFAULT 0.00,
  FOREIGN KEY (region_id) REFERENCES regions(region_id)
) ENGINE=InnoDB;

INSERT INTO salespeople (salesperson_id, first_name, last_name, email, phone, region_id, hire_date, commission_rate) VALUES (1, 'Katelyn', 'Kelley', 'katelyn.kelley@gmail.com', '(1076) 299-6264', 7, '2021-09-08', 0.06);
INSERT INTO salespeople (salesperson_id, first_name, last_name, email, phone, region_id, hire_date, commission_rate) VALUES (2, 'Elena', 'Vargas', 'elena.vargas@gmail.com', '(465) 343-7540', 5, '2020-10-02', 0.05);
INSERT INTO salespeople (salesperson_id, first_name, last_name, email, phone, region_id, hire_date, commission_rate) VALUES (3, 'Kathryn', 'Parker', 'kathryn.parker@outlook.com', '(950) 434-2964', 8, '2021-10-23', 0.03);
INSERT INTO salespeople (salesperson_id, first_name, last_name, email, phone, region_id, hire_date, commission_rate) VALUES (4, 'Kennedy', 'Reed', 'kennedy.reed@gmail.com', '(357) 930-9212', 7, '2021-08-27', 0.07);
INSERT INTO salespeople (salesperson_id, first_name, last_name, email, phone, region_id, hire_date, commission_rate) VALUES (5, 'Hayden', 'Jackson', 'hayden.jackson@yahoo.com', '(715) 882-8828', 2, '2020-08-24', 0.07);
INSERT INTO salespeople (salesperson_id, first_name, last_name, email, phone, region_id, hire_date, commission_rate) VALUES (6, 'Shannon', 'Jones', 'shannon.jones@outlook.com', '(907) 753-5241', 2, '2022-05-13', 0.06);
INSERT INTO salespeople (salesperson_id, first_name, last_name, email, phone, region_id, hire_date, commission_rate) VALUES (7, 'Hannah', 'Perkins', 'hannah.perkins@outlook.com', '(509) 376-7238', 7, '2021-01-03', 0.06);
INSERT INTO salespeople (salesperson_id, first_name, last_name, email, phone, region_id, hire_date, commission_rate) VALUES (8, 'Tara', 'Reid', 'tara.reid@outlook.com', '(432) 573-2626', 8, '2022-11-06', 0.03);
INSERT INTO salespeople (salesperson_id, first_name, last_name, email, phone, region_id, hire_date, commission_rate) VALUES (9, 'Bradley', 'Gibson', 'bradley.gibson@outlook.com', '(296) 854-5721', 3, '2022-07-19', 0.05);
INSERT INTO salespeople (salesperson_id, first_name, last_name, email, phone, region_id, hire_date, commission_rate) VALUES (10, 'Erin', 'Mendoza', 'erin.mendoza@outlook.com', '(929) 435-2002', 1, '2021-06-06', 0.06);
INSERT INTO salespeople (salesperson_id, first_name, last_name, email, phone, region_id, hire_date, commission_rate) VALUES (11, 'Alyssa', 'Mason', 'alyssa.mason@gmail.com', '(248) 291-7649', 8, '2021-08-03', 0.08);
INSERT INTO salespeople (salesperson_id, first_name, last_name, email, phone, region_id, hire_date, commission_rate) VALUES (12, 'Paul', 'Cunningham', 'paul.cunningham@gmail.com', '(225) 942-8816', 2, '2021-05-12', 0.08);
INSERT INTO salespeople (salesperson_id, first_name, last_name, email, phone, region_id, hire_date, commission_rate) VALUES (13, 'Tammy', 'Evans', 'tammy.evans@outlook.com', '(1091) 391-7046', 3, '2020-08-11', 0.06);
INSERT INTO salespeople (salesperson_id, first_name, last_name, email, phone, region_id, hire_date, commission_rate) VALUES (14, 'Natalie', 'Gardner', 'natalie.gardner@outlook.com', '(985) 896-7676', 7, '2022-02-23', 0.04);
INSERT INTO salespeople (salesperson_id, first_name, last_name, email, phone, region_id, hire_date, commission_rate) VALUES (15, 'Debra', 'Hudson', 'debra.hudson@outlook.com', '(231) 768-5633', 5, '2021-01-22', 0.05);
INSERT INTO salespeople (salesperson_id, first_name, last_name, email, phone, region_id, hire_date, commission_rate) VALUES (16, 'Alexandra', 'Sutton', 'alexandra.sutton@outlook.com', '(517) 446-4991', 7, '2020-09-13', 0.07);
INSERT INTO salespeople (salesperson_id, first_name, last_name, email, phone, region_id, hire_date, commission_rate) VALUES (17, 'Rachel', 'Morgan', 'rachel.morgan@yahoo.com', '(671) 392-5021', 4, '2021-06-23', 0.05);
INSERT INTO salespeople (salesperson_id, first_name, last_name, email, phone, region_id, hire_date, commission_rate) VALUES (18, 'Katie', 'Jenkins', 'katie.jenkins@outlook.com', '(404) 184-8524', 6, '2021-10-09', 0.08);
INSERT INTO salespeople (salesperson_id, first_name, last_name, email, phone, region_id, hire_date, commission_rate) VALUES (19, 'Jacqueline', 'Clark', 'jacqueline.clark@gmail.com', '(310) 419-3079', 8, '2021-04-23', 0.06);
INSERT INTO salespeople (salesperson_id, first_name, last_name, email, phone, region_id, hire_date, commission_rate) VALUES (20, 'Luke', 'Lawrence', 'luke.lawrence@outlook.com', '(813) 897-6971', 3, '2022-12-28', 0.08);

-- ============================================
-- Table: customers
-- ============================================
CREATE TABLE customers (
  customer_id INT AUTO_INCREMENT PRIMARY KEY,
  first_name VARCHAR(100) NOT NULL,
  last_name VARCHAR(100) NOT NULL,
  email VARCHAR(255) UNIQUE NOT NULL,
  phone VARCHAR(20),
  city VARCHAR(100),
  state VARCHAR(100),
  postal_code VARCHAR(20),
  region_id INT NOT NULL,
  signup_date DATE NOT NULL,
  customer_segment VARCHAR(20) DEFAULT 'Regular',
  FOREIGN KEY (region_id) REFERENCES regions(region_id)
) ENGINE=InnoDB;

INSERT INTO customers (customer_id, first_name, last_name, email, phone, city, state, postal_code, region_id, signup_date, customer_segment) VALUES
(1, 'Kaiden', 'Jones', 'kaiden.jones@hotmail.com', '(468) 727-6380', 'Pittsburgh', 'Pennsylvania', '15250', 8, '2024-09-01', 'Premium'),
(2, 'Bruce', 'Fox', 'bruce.fox@icloud.com', '(242) 591-1467', 'Tucson', 'Arizona', '85715', 4, '2023-10-13', 'Regular'),
(3, 'Karen', 'Bryant', 'karen.bryant@icloud.com', '(721) 703-1128', 'Stamford', 'Connecticut', '06905', 1, '2023-03-18', 'Regular'),
(4, 'Lawrence', 'Robertson', 'lawrence.robertson@hotmail.com', '(810) 522-5379', 'Buffalo', 'New York', '14225', 1, '2022-02-10', 'Premium'),
(5, 'Anita', 'Henderson', 'anita.henderson@outlook.com', '(466) 402-6599', 'Newton', 'Massachusetts', '02162', 1, '2022-03-19', 'Premium'),
(6, 'Valerie', 'Oliver', 'valerie.oliver@gmail.com', '(918) 517-9063', 'Roanoke', 'Virginia', '24034', 8, '2023-03-11', 'Regular'),
(7, 'Ian', 'Sutton', 'ian.sutton@outlook.com', '(734) 458-8045', 'Columbus', 'Ohio', '43226', 3, '2022-12-15', 'Regular'),
(8, 'Jayden', 'Riley', 'jayden.riley@icloud.com', '(987) 177-2076', 'Albuquerque', 'New Mexico', '87195', 4, '2023-07-21', 'Premium'),
(9, 'Laura', 'Jenkins', 'laura.jenkins@outlook.com', '(764) 355-1276', 'Missoula', 'Montana', '59806', 6, '2022-03-10', 'VIP'),
(10, 'Peggy', 'Barnes', 'peggy.barnes@icloud.com', '(232) 114-8107', 'San Antonio', 'Texas', '78225', 4, '2022-03-19', 'Premium'),
(11, 'Kingston', 'Contreras', 'kingston.contreras@gmail.com', '(490) 133-7874', 'Dayton', 'Ohio', '45490', 3, '2023-12-08', 'Regular'),
(12, 'Max', 'Hayes', 'max.hayes@hotmail.com', '(948) 857-7064', 'Chicago', 'Illinois', '60681', 3, '2024-02-06', 'Premium'),
(13, 'Victor', 'Garcia', 'victor.garcia@yahoo.com', '(617) 720-7623', 'Portland', 'Oregon', '97211', 6, '2023-05-13', 'VIP'),
(14, 'Griffin', 'Bishop', 'griffin.bishop@hotmail.com', '(283) 918-1553', 'Berkeley', 'California', '94705', 5, '2022-02-11', 'Regular'),
(15, 'Jennifer', 'Hill', 'jennifer.hill@gmail.com', '(798) 259-3751', 'Reading', 'Pennsylvania', '19610', 8, '2024-03-15', 'Regular'),
(16, 'Oliver', 'Martinez', 'oliver.martinez@hotmail.com', '(410) 555-6066', 'Chicago', 'Illinois', '60609', 3, '2022-01-14', 'Premium'),
(17, 'Isabella', 'Holmes', 'isabella.holmes@gmail.com', '(201) 148-5511', 'Brooklyn', 'New York', '11254', 1, '2024-10-16', 'Regular'),
(18, 'Paisley', 'Kennedy', 'paisley.kennedy@hotmail.com', '(572) 167-1172', 'Rochester', 'New York', '14614', 1, '2024-11-16', 'Regular'),
(19, 'Eric', 'Li', 'eric.li@yahoo.com', '(531) 348-3441', 'Phoenix', 'Arizona', '85040', 4, '2023-08-17', 'VIP'),
(20, 'David', 'Gray', 'david.gray@icloud.com', '(436) 668-7337', 'Little Rock', 'Arkansas', '72209', 6, '2024-09-23', 'Premium'),
(21, 'Lincoln', 'Kim', 'lincoln.kim@yahoo.com', '(739) 354-7109', 'Troy', 'Michigan', '48098', 3, '2022-08-19', 'Regular'),
(22, 'Cynthia', 'Graham', 'cynthia.graham@hotmail.com', '(873) 191-2304', 'Portland', 'Oregon', '97286', 6, '2023-01-20', 'Regular'),
(23, 'Connor', 'Johnston', 'connor.johnston@gmail.com', '(405) 519-1387', 'Honolulu', 'Hawaii', '96850', 5, '2022-01-01', 'Regular'),
(24, 'Skylar', 'Harrison', 'skylar.harrison@outlook.com', '(295) 805-2644', 'Little Rock', 'Arkansas', '72222', 3, '2023-07-10', 'Regular'),
(25, 'Asher', 'Lee', 'asher.lee@yahoo.com', '(425) 668-4687', 'Midland', 'Michigan', '48670', 3, '2024-07-05', 'Premium'),
(26, 'Hazel', 'Lawrence', 'hazel.lawrence@yahoo.com', '(742) 274-1856', 'Albuquerque', 'New Mexico', '87105', 4, '2022-06-16', 'VIP'),
(27, 'Isaac', 'Grant', 'isaac.grant@yahoo.com', '(958) 908-8398', 'Waterbury', 'Connecticut', '06721', 1, '2022-01-10', 'Regular'),
(28, 'Daniel', 'Simpson', 'daniel.simpson@outlook.com', '(255) 945-7922', 'Baltimore', 'Maryland', '21290', 8, '2023-11-20', 'Premium'),
(29, 'Hudson', 'Young', 'hudson.young@icloud.com', '(885) 718-5427', 'Topeka', 'Kansas', '66629', 7, '2022-05-15', 'Regular'),
(30, 'Whitney', 'Ruiz', 'whitney.ruiz@gmail.com', '(282) 963-2990', 'Portland', 'Oregon', '97229', 6, '2023-08-05', 'Regular'),
(31, 'Nancy', 'Dean', 'nancy.dean@outlook.com', '(997) 230-5800', 'Wichita', 'Kansas', '67215', 7, '2024-07-08', 'Regular'),
(32, 'Bryan', 'Warren', 'bryan.warren@gmail.com', '(987) 482-4368', 'Omaha', 'Nebraska', '68105', 7, '2023-12-05', 'VIP'),
(33, 'Martha', 'White', 'martha.white@outlook.com', '(1071) 812-1926', 'Miami', 'Florida', '33233', 2, '2022-08-27', 'Premium'),
(34, 'Maverick', 'Manning', 'maverick.manning@yahoo.com', '(659) 824-5487', 'Charlotte', 'North Carolina', '28205', 2, '2023-05-14', 'Regular'),
(35, 'Christina', 'Salazar', 'christina.salazar@yahoo.com', '(718) 795-5855', 'Houston', 'Texas', '77035', 4, '2022-01-16', 'Regular'),
(36, 'Noah', 'Burns', 'noah.burns@hotmail.com', '(286) 607-9684', 'Albuquerque', 'New Mexico', '87180', 4, '2024-08-03', 'Regular'),
(37, 'Elizabeth', 'Brown', 'elizabeth.brown@outlook.com', '(966) 206-2841', 'Portland', 'Oregon', '97206', 6, '2022-06-15', 'Premium'),
(38, 'Emma', 'Fisher', 'emma.fisher@gmail.com', '(996) 535-6928', 'Portland', 'Oregon', '97216', 6, '2022-10-09', 'VIP'),
(39, 'Heather', 'Brooks', 'heather.brooks@hotmail.com', '(343) 365-6512', 'Sacramento', 'California', '95852', 5, '2024-03-05', 'Premium'),
(40, 'Frances', 'Chapman', 'frances.chapman@icloud.com', '(634) 339-7338', 'Savannah', 'Georgia', '31416', 2, '2024-04-21', 'Premium'),
(41, 'Louise', 'Nguyen', 'louise.nguyen@gmail.com', '(474) 628-5461', 'Omaha', 'Nebraska', '68197', 7, '2023-08-18', 'Regular'),
(42, 'Doris', 'Hamilton', 'doris.hamilton@icloud.com', '(474) 202-8791', 'Kansas City', 'Missouri', '64109', 7, '2022-05-03', 'Regular'),
(43, 'Samantha', 'Armstrong', 'samantha.armstrong@gmail.com', '(1037) 549-4609', 'Joliet', 'Illinois', '60435', 3, '2023-09-11', 'VIP'),
(44, 'Sydney', 'Carpenter', 'sydney.carpenter@hotmail.com', '(1015) 126-3511', 'Honolulu', 'Hawaii', '96840', 5, '2022-07-10', 'Regular'),
(45, 'Randy', 'Spencer', 'randy.spencer@icloud.com', '(345) 246-5769', 'Vancouver', 'Washington', '98664', 6, '2024-11-27', 'Regular'),
(46, 'Ellen', 'Gardner', 'ellen.gardner@hotmail.com', '(926) 836-4424', 'Roanoke', 'Virginia', '24024', 8, '2023-08-14', 'Regular'),
(47, 'Wanda', 'Ward', 'wanda.ward@gmail.com', '(398) 471-1468', 'Brooklyn', 'New York', '11236', 1, '2022-01-19', 'Regular'),
(48, 'Bradley', 'Willis', 'bradley.willis@gmail.com', '(565) 339-1140', 'Portland', 'Oregon', '97221', 6, '2023-05-01', 'Regular'),
(49, 'Mildred', 'Pierce', 'mildred.pierce@hotmail.com', '(505) 346-4148', 'Albany', 'New York', '12222', 1, '2022-12-23', 'Regular'),
(50, 'April', 'Freeman', 'april.freeman@icloud.com', '(269) 628-3070', 'Winston Salem', 'North Carolina', '27110', 2, '2024-02-28', 'Regular');

INSERT INTO customers (customer_id, first_name, last_name, email, phone, city, state, postal_code, region_id, signup_date, customer_segment) VALUES
(51, 'Carolyn', 'Hernandes', 'carolyn.hernandes@hotmail.com', '(289) 269-1930', 'Cleveland', 'Ohio', '44105', 3, '2024-09-21', 'Regular'),
(52, 'Paige', 'Kelley', 'paige.kelley@icloud.com', '(306) 797-6959', 'Waterbury', 'Connecticut', '06726', 1, '2024-03-27', 'Premium'),
(53, 'Juanita', 'Carroll', 'juanita.carroll@hotmail.com', '(243) 702-2591', 'San Diego', 'California', '92153', 5, '2023-09-22', 'Regular'),
(54, 'Zachary', 'Boyd', 'zachary.boyd@outlook.com', '(930) 307-3788', 'Philadelphia', 'Pennsylvania', '19196', 8, '2022-11-22', 'Regular'),
(55, 'Dorothy', 'Wood', 'dorothy.wood@gmail.com', '(1039) 987-4537', 'Baltimore', 'Maryland', '21281', 8, '2023-05-12', 'Regular'),
(56, 'Josephine', 'Garza', 'josephine.garza@yahoo.com', '(715) 469-1852', 'Chicago', 'Illinois', '60624', 3, '2022-06-24', 'Regular'),
(57, 'Luke', 'Peters', 'luke.peters@icloud.com', '(1065) 937-9433', 'Helena', 'Montana', '59623', 6, '2022-07-22', 'Regular'),
(58, 'Abigail', 'Hunt', 'abigail.hunt@outlook.com', '(550) 348-1956', 'East Saint Louis', 'Illinois', '62205', 3, '2022-05-04', 'Regular'),
(59, 'Lincoln', 'Rose', 'lincoln.rose@icloud.com', '(728) 404-2054', 'Philadelphia', 'Pennsylvania', '19146', 8, '2024-08-22', 'Regular'),
(60, 'Bennett', 'Patterson', 'bennett.patterson@gmail.com', '(700) 888-9299', 'Macon', 'Georgia', '31217', 2, '2024-03-11', 'Regular'),
(61, 'Ann', 'Torres', 'ann.torres@hotmail.com', '(257) 795-5035', 'Hartford', 'Connecticut', '06105', 1, '2023-03-04', 'Premium'),
(62, 'Audrey', 'Romero', 'audrey.romero@icloud.com', '(957) 693-3642', 'El Paso', 'Texas', '79928', 4, '2022-01-15', 'Regular'),
(63, 'Annie', 'Cunningham', 'annie.cunningham@icloud.com', '(457) 624-9599', 'Scottsdale', 'Arizona', '85271', 4, '2023-11-11', 'Regular'),
(64, 'Tammy', 'Gonzalez', 'tammy.gonzalez@outlook.com', '(756) 190-4807', 'Tacoma', 'Washington', '98481', 6, '2023-12-18', 'Regular'),
(65, 'Preston', 'Griffin', 'preston.griffin@icloud.com', '(1045) 748-5025', 'Little Rock', 'Arkansas', '72215', 7, '2022-01-26', 'Regular'),
(66, 'Philip', 'Greene', 'philip.greene@icloud.com', '(920) 343-6645', 'Spokane', 'Washington', '99260', 6, '2022-10-06', 'Premium'),
(67, 'Hailey', 'Payne', 'hailey.payne@yahoo.com', '(689) 830-2942', 'Springfield', 'Massachusetts', '01114', 1, '2022-08-12', 'Premium'),
(68, 'Tiffany', 'Mendez', 'tiffany.mendez@outlook.com', '(606) 295-5110', 'Cambridge', 'Massachusetts', '02142', 1, '2023-08-21', 'Regular'),
(69, 'Ashley', 'Crawford', 'ashley.crawford@outlook.com', '(934) 481-4241', 'Bozeman', 'Montana', '59771', 6, '2023-08-24', 'Regular'),
(70, 'Walter', 'Newman', 'walter.newman@outlook.com', '(411) 580-2598', 'Lansing', 'Michigan', '48912', 3, '2022-02-09', 'Regular'),
(71, 'Ava', 'Knight', 'ava.knight@gmail.com', '(573) 999-3614', 'Beaumont', 'Texas', '77705', 4, '2023-08-06', 'VIP'),
(72, 'Carrie', 'Sanders', 'carrie.sanders@icloud.com', '(542) 424-5199', 'Portland', 'Oregon', '97255', 6, '2022-08-15', 'Premium'),
(73, 'Elijah', 'Mills', 'elijah.mills@hotmail.com', '(844) 449-2337', 'Portland', 'Oregon', '97240', 6, '2022-01-06', 'Regular'),
(74, 'Taylor', 'Rodriguez', 'taylor.rodriguez@yahoo.com', '(831) 373-4135', 'Shawnee Mission', 'Kansas', '66220', 7, '2022-10-21', 'Premium'),
(75, 'Leslie', 'Powell', 'leslie.powell@gmail.com', '(642) 171-4682', 'Lawrenceville', 'Georgia', '30045', 2, '2023-12-07', 'Regular'),
(76, 'Lisa', 'Meyer', 'lisa.meyer@icloud.com', '(568) 885-4996', 'North Las Vegas', 'Nevada', '89036', 5, '2023-05-16', 'Regular'),
(77, 'Felix', 'Morris', 'felix.morris@gmail.com', '(382) 209-1016', 'Springfield', 'Illinois', '62764', 3, '2023-08-14', 'Premium'),
(78, 'Erica', 'Moore', 'erica.moore@gmail.com', '(538) 846-2069', 'Saint Louis', 'Missouri', '63136', 7, '2023-11-18', 'VIP'),
(79, 'Wendy', 'Mason', 'wendy.mason@hotmail.com', '(874) 939-8864', 'Santa Fe', 'New Mexico', '87505', 4, '2024-01-28', 'Regular'),
(80, 'Madison', 'Webb', 'madison.webb@icloud.com', '(778) 641-6200', 'Baltimore', 'Maryland', '21265', 8, '2024-07-10', 'Regular'),
(81, 'Jason', 'Patel', 'jason.patel@outlook.com', '(781) 146-7408', 'Saint Louis', 'Missouri', '63126', 7, '2024-10-19', 'Premium'),
(82, 'John', 'Arnold', 'john.arnold@icloud.com', '(1077) 232-5871', 'New York City', 'New York', '10115', 1, '2023-05-28', 'Premium'),
(83, 'Lynn', 'Gilbert', 'lynn.gilbert@outlook.com', '(843) 760-5505', 'Jefferson City', 'Missouri', '65110', 7, '2023-11-12', 'VIP'),
(84, 'Willie', 'Cooper', 'willie.cooper@outlook.com', '(341) 160-6844', 'Philadelphia', 'Pennsylvania', '19184', 8, '2023-09-07', 'Premium'),
(85, 'Jeremy', 'Delgado', 'jeremy.delgado@outlook.com', '(899) 275-3609', 'Sterling', 'Virginia', '20167', 8, '2023-07-28', 'Regular'),
(86, 'Eleanor', 'Lopez', 'eleanor.lopez@hotmail.com', '(584) 978-7331', 'Clearwater', 'Florida', '33758', 2, '2022-05-03', 'Regular'),
(87, 'Emilia', 'Hughes', 'emilia.hughes@hotmail.com', '(338) 838-4551', 'Miami', 'Florida', '33147', 2, '2024-06-13', 'Regular'),
(88, 'Jude', 'Perez', 'jude.perez@yahoo.com', '(211) 234-7748', 'Saint Louis', 'Missouri', '63167', 7, '2023-04-14', 'Premium'),
(89, 'Jeffrey', 'Walsh', 'jeffrey.walsh@yahoo.com', '(719) 181-6732', 'Honolulu', 'Hawaii', '96815', 5, '2023-03-08', 'Premium'),
(90, 'Michael', 'Duncan', 'michael.duncan@gmail.com', '(276) 699-3718', 'Albuquerque', 'New Mexico', '87140', 4, '2023-01-12', 'Regular'),
(91, 'Emma', 'Gutierrez', 'emma.gutierrez@hotmail.com', '(761) 234-8767', 'Honolulu', 'Hawaii', '96805', 5, '2024-05-14', 'Regular'),
(92, 'Gavin', 'Evans', 'gavin.evans@outlook.com', '(852) 490-7383', 'Tucson', 'Arizona', '85710', 4, '2022-08-13', 'Regular'),
(93, 'Scott', 'Stevens', 'scott.stevens@outlook.com', '(982) 103-6693', 'Seattle', 'Washington', '98175', 6, '2024-05-22', 'Regular'),
(94, 'Stacy', 'Nichols', 'stacy.nichols@hotmail.com', '(889) 371-1464', 'North Port', 'Florida', '34290', 2, '2024-06-06', 'Premium'),
(95, 'Alexis', 'Howell', 'alexis.howell@gmail.com', '(827) 534-1957', 'Waterbury', 'Connecticut', '06705', 1, '2022-04-02', 'Regular'),
(96, 'Eli', 'Nelson', 'eli.nelson@hotmail.com', '(646) 665-7462', 'Kalamazoo', 'Michigan', '49048', 3, '2022-03-19', 'Regular'),
(97, 'Jordan', 'Henry', 'jordan.henry@outlook.com', '(1095) 946-1965', 'Canton', 'Ohio', '44720', 3, '2023-03-20', 'Premium'),
(98, 'Judith', 'Watkins', 'judith.watkins@yahoo.com', '(343) 829-4496', 'Largo', 'Florida', '34643', 2, '2022-02-28', 'Premium'),
(99, 'Ariana', 'Harris', 'ariana.harris@gmail.com', '(628) 304-7392', 'Brooklyn', 'New York', '11205', 1, '2022-02-01', 'Regular'),
(100, 'Theresa', 'Anderson', 'theresa.anderson@hotmail.com', '(724) 881-3470', 'Hartford', 'Connecticut', '06145', 1, '2024-08-17', 'Regular');

INSERT INTO customers (customer_id, first_name, last_name, email, phone, city, state, postal_code, region_id, signup_date, customer_segment) VALUES
(101, 'Katie', 'Lawson', 'katie.lawson@outlook.com', '(323) 283-9813', 'Boston', 'Massachusetts', '02163', 1, '2023-08-20', 'Regular'),
(102, 'Caleb', 'Reed', 'caleb.reed@icloud.com', '(356) 803-8139', 'Springfield', 'Massachusetts', '01152', 1, '2024-06-19', 'Regular'),
(103, 'Ryder', 'Hanson', 'ryder.hanson@hotmail.com', '(812) 617-5856', 'Greensboro', 'North Carolina', '27415', 2, '2023-12-05', 'Regular'),
(104, 'Thelma', 'Black', 'thelma.black@yahoo.com', '(1019) 585-9787', 'Albuquerque', 'New Mexico', '87190', 4, '2023-09-17', 'Regular'),
(105, 'Julie', 'Elliott', 'julie.elliott@outlook.com', '(889) 795-1471', 'Columbus', 'Ohio', '43204', 3, '2023-11-18', 'Regular'),
(106, 'Ruth', 'Smith', 'ruth.smith@outlook.com', '(578) 159-5977', 'Fayetteville', 'North Carolina', '28305', 2, '2022-01-28', 'Regular'),
(107, 'Hannah', 'Carter', 'hannah.carter@gmail.com', '(1084) 516-9863', 'Winston Salem', 'North Carolina', '27150', 2, '2022-04-12', 'VIP'),
(108, 'Jackson', 'Richards', 'jackson.richards@hotmail.com', '(356) 354-2082', 'Kansas City', 'Missouri', '64125', 7, '2023-11-03', 'Regular'),
(109, 'Carl', 'Andrews', 'carl.andrews@hotmail.com', '(955) 790-9000', 'Spokane', 'Washington', '99220', 6, '2022-10-15', 'Regular'),
(110, 'Robert', 'Collins', 'robert.collins@gmail.com', '(1068) 727-5425', 'Shawnee Mission', 'Kansas', '66225', 7, '2024-12-18', 'Premium'),
(111, 'Kelly', 'Morrison', 'kelly.morrison@hotmail.com', '(557) 958-4969', 'Philadelphia', 'Pennsylvania', '19104', 8, '2022-01-25', 'Premium'),
(112, 'Catherine', 'Adams', 'catherine.adams@yahoo.com', '(210) 276-8483', 'Prescott', 'Arizona', '86305', 4, '2022-07-21', 'Premium'),
(113, 'Vivian', 'Jackson', 'vivian.jackson@yahoo.com', '(902) 927-4100', 'Shawnee Mission', 'Kansas', '66215', 7, '2022-02-19', 'VIP'),
(114, 'Dylan', 'Reynolds', 'dylan.reynolds@hotmail.com', '(479) 849-7463', 'Raleigh', 'North Carolina', '27621', 2, '2024-01-28', 'Premium'),
(115, 'Harper', 'Rogers', 'harper.rogers@yahoo.com', '(567) 644-9558', 'Santa Fe', 'New Mexico', '87592', 4, '2024-11-23', 'VIP'),
(116, 'Adam', 'Walker', 'adam.walker@hotmail.com', '(726) 112-6766', 'Grand Rapids', 'Michigan', '49518', 3, '2022-09-17', 'Regular'),
(117, 'Sara', 'Zimmerman', 'sara.zimmerman@yahoo.com', '(726) 450-6000', 'Omaha', 'Nebraska', '68144', 7, '2024-10-25', 'Regular'),
(118, 'Samuel', 'Marshall', 'samuel.marshall@gmail.com', '(955) 646-6420', 'Phoenix', 'Arizona', '85053', 4, '2023-04-14', 'Regular'),
(119, 'Leilani', 'Harper', 'leilani.harper@icloud.com', '(973) 510-4670', 'Carson City', 'Nevada', '89714', 5, '2022-07-09', 'VIP'),
(120, 'Courtney', 'Bell', 'courtney.bell@gmail.com', '(349) 577-1420', 'Grand Rapids', 'Michigan', '49510', 3, '2024-10-26', 'VIP'),
(121, 'Betty', 'Tucker', 'betty.tucker@hotmail.com', '(313) 589-9612', 'Salem', 'Oregon', '97306', 6, '2022-01-03', 'Regular'),
(122, 'Cassie', 'Ross', 'cassie.ross@outlook.com', '(686) 626-7622', 'Beaverton', 'Oregon', '97075', 6, '2022-02-13', 'Premium'),
(123, 'Victoria', 'Wells', 'victoria.wells@icloud.com', '(555) 348-6770', 'Las Vegas', 'Nevada', '89145', 5, '2024-04-19', 'Regular'),
(124, 'Natalia', 'Kelly', 'natalia.kelly@yahoo.com', '(315) 132-4465', 'Bloomington', 'Illinois', '61709', 3, '2023-08-22', 'Premium'),
(125, 'Vanessa', 'Hernandez', 'vanessa.hernandez@hotmail.com', '(542) 198-5298', 'Pittsburgh', 'Pennsylvania', '15225', 8, '2022-09-22', 'Premium'),
(126, 'Jonah', 'Morgan', 'jonah.morgan@hotmail.com', '(860) 599-7531', 'Glendale', 'Arizona', '85305', 4, '2024-11-12', 'Regular'),
(127, 'Vincent', 'Vazquez', 'vincent.vazquez@icloud.com', '(710) 338-2072', 'Billings', 'Montana', '59105', 6, '2022-04-01', 'Regular'),
(128, 'Lucas', 'Chen', 'lucas.chen@hotmail.com', '(904) 299-1630', 'Las Vegas', 'Nevada', '89120', 5, '2022-12-21', 'VIP'),
(129, 'Douglas', 'Austin', 'douglas.austin@icloud.com', '(745) 104-7622', 'Honolulu', 'Hawaii', '96820', 5, '2024-01-02', 'Premium'),
(130, 'Owen', 'West', 'owen.west@yahoo.com', '(280) 181-8635', 'Austin', 'Texas', '78726', 4, '2024-11-24', 'VIP'),
(131, 'Veronica', 'Harvey', 'veronica.harvey@gmail.com', '(662) 440-1618', 'El Paso', 'Texas', '79955', 4, '2023-02-17', 'VIP'),
(132, 'Russell', 'Vega', 'russell.vega@gmail.com', '(994) 454-2771', 'Conroe', 'Texas', '77305', 4, '2023-07-20', 'Regular'),
(133, 'Melissa', 'Valdez', 'melissa.valdez@hotmail.com', '(390) 129-5146', 'Albuquerque', 'New Mexico', '87121', 4, '2024-11-12', 'Premium'),
(134, 'Kylie', 'Ortiz', 'kylie.ortiz@hotmail.com', '(337) 241-7858', 'Billings', 'Montana', '59112', 6, '2022-08-04', 'Regular'),
(135, 'Peyton', 'Murphy', 'peyton.murphy@hotmail.com', '(645) 228-9000', 'Baltimore', 'Maryland', '21275', 8, '2023-12-20', 'Regular'),
(136, 'Jacob', 'Stewart', 'jacob.stewart@hotmail.com', '(698) 388-9475', 'Roanoke', 'Virginia', '24009', 8, '2024-08-28', 'Regular'),
(137, 'Carter', 'Owens', 'carter.owens@outlook.com', '(544) 801-4523', 'Wichita', 'Kansas', '67210', 7, '2022-11-12', 'Regular'),
(138, 'Evan', 'Williamson', 'evan.williamson@yahoo.com', '(562) 102-8187', 'Billings', 'Montana', '59112', 6, '2023-06-01', 'Regular'),
(139, 'Sawyer', 'Hale', 'sawyer.hale@outlook.com', '(207) 150-5259', 'Hyattsville', 'Maryland', '20784', 8, '2022-11-28', 'Premium'),
(140, 'Virginia', 'Reid', 'virginia.reid@yahoo.com', '(523) 341-3455', 'Detroit', 'Michigan', '48211', 3, '2023-05-28', 'VIP'),
(141, 'Lillian', 'Burke', 'lillian.burke@icloud.com', '(881) 595-7009', 'Scottsdale', 'Arizona', '85255', 4, '2022-09-13', 'Regular'),
(142, 'Jamie', 'Ferguson', 'jamie.ferguson@icloud.com', '(862) 736-3863', 'Honolulu', 'Hawaii', '96810', 5, '2022-01-11', 'Premium'),
(143, 'Alexandra', 'Long', 'alexandra.long@hotmail.com', '(955) 231-5501', 'Las Vegas', 'Nevada', '89160', 5, '2024-09-15', 'Regular'),
(144, 'River', 'Hicks', 'river.hicks@yahoo.com', '(772) 892-2314', 'Saint Louis', 'Missouri', '63169', 7, '2022-02-05', 'Regular'),
(145, 'Sofia', 'Parker', 'sofia.parker@outlook.com', '(1025) 650-7752', 'Dallas', 'Texas', '75358', 4, '2024-07-28', 'VIP'),
(146, 'Brooke', 'Castillo', 'brooke.castillo@yahoo.com', '(776) 347-8530', 'Kansas City', 'Missouri', '64142', 7, '2022-05-19', 'Regular'),
(147, 'Julia', 'Singh', 'julia.singh@icloud.com', '(592) 588-9529', 'Las Cruces', 'New Mexico', '88006', 4, '2023-01-12', 'Regular'),
(148, 'Janice', 'Parsons', 'janice.parsons@yahoo.com', '(844) 562-9579', 'New Haven', 'Connecticut', '06505', 1, '2024-08-10', 'Regular'),
(149, 'Nora', 'Ellis', 'nora.ellis@yahoo.com', '(695) 396-4794', 'Hartford', 'Connecticut', '06140', 1, '2023-12-28', 'Premium'),
(150, 'Jessica', 'Scott', 'jessica.scott@icloud.com', '(785) 777-6043', 'Honolulu', 'Hawaii', '96835', 5, '2024-10-04', 'Premium');

INSERT INTO customers (customer_id, first_name, last_name, email, phone, city, state, postal_code, region_id, signup_date, customer_segment) VALUES
(151, 'Jonathan', 'Robinson', 'jonathan.robinson@yahoo.com', '(754) 873-4477', 'Omaha', 'Nebraska', '68117', 7, '2022-12-09', 'Premium'),
(152, 'Roy', 'Guerrero', 'roy.guerrero@outlook.com', '(274) 381-3748', 'Carol Stream', 'Illinois', '60351', 3, '2023-01-03', 'Premium'),
(153, 'Ethan', 'Hawkins', 'ethan.hawkins@icloud.com', '(457) 327-9698', 'Portland', 'Oregon', '97296', 6, '2022-07-17', 'Premium'),
(154, 'Diana', 'Montgomery', 'diana.montgomery@yahoo.com', '(858) 840-7320', 'Bethesda', 'Maryland', '20816', 8, '2023-09-19', 'Regular'),
(155, 'Kathleen', 'Matthews', 'kathleen.matthews@outlook.com', '(1038) 842-4214', 'Seattle', 'Washington', '98133', 6, '2023-02-02', 'Premium'),
(156, 'Wayne', 'Bennett', 'wayne.bennett@gmail.com', '(263) 426-5388', 'El Paso', 'Texas', '79940', 4, '2024-04-04', 'Premium'),
(157, 'Debra', 'Hansen', 'debra.hansen@gmail.com', '(875) 893-7608', 'Toledo', 'Ohio', '43666', 3, '2022-08-17', 'VIP'),
(158, 'Doreen', 'Carr', 'doreen.carr@outlook.com', '(732) 710-9094', 'New York City', 'New York', '10184', 1, '2022-09-26', 'Premium'),
(159, 'Liam', 'Allen', 'liam.allen@gmail.com', '(707) 707-3040', 'Charlotte', 'North Carolina', '28247', 2, '2023-02-22', 'Regular'),
(160, 'Helen', 'Richardson', 'helen.richardson@gmail.com', '(1056) 553-4154', 'Las Vegas', 'Nevada', '89150', 5, '2022-10-26', 'Regular'),
(161, 'Blake', 'Clark', 'blake.clark@outlook.com', '(1074) 166-7038', 'Lawrenceville', 'Georgia', '30245', 2, '2022-10-03', 'VIP'),
(162, 'Jesse', 'Mendoza', 'jesse.mendoza@outlook.com', '(451) 793-7949', 'Erie', 'Pennsylvania', '16505', 8, '2022-05-14', 'Regular'),
(163, 'Lauren', 'O\'Brien', 'lauren.o\'brien@outlook.com', '(553) 844-4645', 'Dallas', 'Texas', '75260', 4, '2024-01-21', 'Regular'),
(164, 'Trinity', 'Maldonado', 'trinity.maldonado@icloud.com', '(790) 725-3956', 'Manassas', 'Virginia', '22111', 8, '2022-01-24', 'Regular'),
(165, 'Grayson', 'Russell', 'grayson.russell@gmail.com', '(1081) 501-7585', 'Clearwater', 'Florida', '34615', 2, '2023-08-19', 'Regular'),
(166, 'Autumn', 'Dunn', 'autumn.dunn@hotmail.com', '(429) 825-5948', 'Albuquerque', 'New Mexico', '87201', 4, '2023-10-27', 'VIP'),
(167, 'Scarlett', 'Phillips', 'scarlett.phillips@yahoo.com', '(625) 487-2450', 'Toledo', 'Ohio', '43610', 3, '2022-06-16', 'Regular'),
(168, 'Charles', 'Castro', 'charles.castro@outlook.com', '(379) 683-6225', 'Albuquerque', 'New Mexico', '87115', 4, '2023-02-02', 'Regular'),
(169, 'Holly', 'Alvarez', 'holly.alvarez@icloud.com', '(360) 754-9340', 'Amarillo', 'Texas', '79176', 4, '2023-09-25', 'Regular'),
(170, 'Shirley', 'King', 'shirley.king@outlook.com', '(236) 725-2603', 'Dallas', 'Texas', '75205', 4, '2022-06-25', 'VIP'),
(171, 'Xavier', 'Reyes', 'xavier.reyes@outlook.com', '(845) 866-7633', 'Springfield', 'Missouri', '65898', 7, '2022-02-01', 'VIP'),
(172, 'Matthew', 'Nunez', 'matthew.nunez@hotmail.com', '(962) 633-3435', 'Sacramento', 'California', '95823', 5, '2022-09-24', 'Regular'),
(173, 'Emmett', 'Wilson', 'emmett.wilson@hotmail.com', '(432) 274-5943', 'Bethlehem', 'Pennsylvania', '18018', 8, '2022-06-01', 'Premium'),
(174, 'Alice', 'Wallace', 'alice.wallace@icloud.com', '(751) 492-8535', 'Missoula', 'Montana', '59806', 6, '2023-01-22', 'Regular'),
(175, 'Rebecca', 'Turner', 'rebecca.turner@yahoo.com', '(258) 832-3062', 'Cincinnati', 'Ohio', '45218', 3, '2023-09-04', 'Premium'),
(176, 'Alicia', 'Larson', 'alicia.larson@hotmail.com', '(454) 365-8543', 'Baltimore', 'Maryland', '21211', 8, '2022-09-17', 'Regular'),
(177, 'Spencer', 'Murray', 'spencer.murray@outlook.com', '(906) 734-6618', 'Albuquerque', 'New Mexico', '87110', 4, '2023-09-24', 'Regular'),
(178, 'Milo', 'Jimenez', 'milo.jimenez@icloud.com', '(452) 314-8241', 'Omaha', 'Nebraska', '68110', 7, '2024-10-07', 'Premium'),
(179, 'Gladys', 'George', 'gladys.george@gmail.com', '(639) 644-4758', 'Fort Myers', 'Florida', '33994', 2, '2023-01-03', 'VIP'),
(180, 'Tucker', 'Campbell', 'tucker.campbell@hotmail.com', '(754) 475-8930', 'Honolulu', 'Hawaii', '96825', 5, '2024-08-04', 'Regular'),
(181, 'Miles', 'Perkins', 'miles.perkins@gmail.com', '(1063) 686-4222', 'Detroit', 'Michigan', '48224', 3, '2023-12-19', 'Regular'),
(182, 'Bobby', 'Sanchez', 'bobby.sanchez@gmail.com', '(528) 162-3871', 'Flint', 'Michigan', '48505', 3, '2024-12-16', 'Premium'),
(183, 'Mateo', 'Chavez', 'mateo.chavez@icloud.com', '(1059) 592-4809', 'Helena', 'Montana', '59623', 6, '2024-10-09', 'Regular'),
(184, 'Jerry', 'Dixon', 'jerry.dixon@gmail.com', '(685) 810-3481', 'Charlotte', 'North Carolina', '28225', 2, '2022-10-22', 'Premium'),
(185, 'Arianna', 'Espinoza', 'arianna.espinoza@gmail.com', '(421) 107-3778', 'Saint Louis', 'Missouri', '63116', 7, '2023-12-21', 'Regular'),
(186, 'Dawn', 'Coleman', 'dawn.coleman@outlook.com', '(491) 265-9244', 'Albuquerque', 'New Mexico', '87110', 4, '2022-04-03', 'Regular'),
(187, 'Dean', 'Jacobs', 'dean.jacobs@yahoo.com', '(279) 560-6873', 'Honolulu', 'Hawaii', '96845', 5, '2022-10-16', 'Premium'),
(188, 'Brandy', 'Porter', 'brandy.porter@yahoo.com', '(1020) 332-7153', 'Chico', 'California', '95973', 5, '2024-04-26', 'Premium'),
(189, 'Kaden', 'Thomas', 'kaden.thomas@icloud.com', '(342) 509-1206', 'Modesto', 'California', '95397', 5, '2022-10-06', 'Premium'),
(190, 'Aiden', 'Miller', 'aiden.miller@yahoo.com', '(881) 789-8337', 'Staten Island', 'New York', '10310', 1, '2024-07-02', 'Regular'),
(191, 'Ivy', 'Hoffman', 'ivy.hoffman@icloud.com', '(1056) 100-5042', 'Kansas City', 'Missouri', '64144', 7, '2023-06-06', 'Regular'),
(192, 'Rita', 'Stone', 'rita.stone@outlook.com', '(959) 391-5519', 'Saint Louis', 'Missouri', '63196', 7, '2022-03-08', 'Regular'),
(193, 'Eva', 'French', 'eva.french@outlook.com', '(816) 212-5381', 'Honolulu', 'Hawaii', '96835', 5, '2024-04-15', 'Premium'),
(194, 'Bryson', 'James', 'bryson.james@outlook.com', '(884) 683-9345', 'Phoenix', 'Arizona', '85025', 4, '2023-03-19', 'Premium'),
(195, 'Nolan', 'Rios', 'nolan.rios@icloud.com', '(1032) 480-6481', 'Shawnee Mission', 'Kansas', '66276', 7, '2023-10-07', 'Regular'),
(196, 'Alan', 'Alvarado', 'alan.alvarado@gmail.com', '(477) 818-9915', 'Jacksonville', 'Florida', '32209', 2, '2024-07-22', 'Regular'),
(197, 'Destiny', 'Lane', 'destiny.lane@outlook.com', '(267) 511-8941', 'Lubbock', 'Texas', '79410', 4, '2023-05-21', 'Regular'),
(198, 'Addison', 'Sullivan', 'addison.sullivan@outlook.com', '(743) 108-1551', 'Ashburn', 'Virginia', '22093', 8, '2024-11-07', 'Regular'),
(199, 'Lucy', 'Roberts', 'lucy.roberts@yahoo.com', '(590) 387-6435', 'Boston', 'Massachusetts', '02203', 1, '2022-02-24', 'Premium'),
(200, 'Lucille', 'Santiago', 'lucille.santiago@icloud.com', '(560) 906-8031', 'Kansas City', 'Missouri', '64193', 7, '2022-01-26', 'Regular');

INSERT INTO customers (customer_id, first_name, last_name, email, phone, city, state, postal_code, region_id, signup_date, customer_segment) VALUES
(201, 'Brenda', 'Ford', 'brenda.ford@yahoo.com', '(996) 182-1502', 'El Paso', 'Texas', '79999', 4, '2023-02-06', 'Regular'),
(202, 'Nicole', 'Aguilar', 'nicole.aguilar@hotmail.com', '(592) 712-8761', 'Wichita', 'Kansas', '67230', 7, '2023-09-06', 'VIP'),
(203, 'Madelyn', 'Lewis', 'madelyn.lewis@outlook.com', '(327) 467-7393', 'Jefferson City', 'Missouri', '65105', 7, '2022-03-28', 'VIP'),
(204, 'Jenna', 'Sims', 'jenna.sims@outlook.com', '(715) 401-9260', 'Atlanta', 'Georgia', '30301', 2, '2023-03-12', 'Regular'),
(205, 'Amber', 'Wheeler', 'amber.wheeler@yahoo.com', '(1035) 140-4060', 'Las Vegas', 'Nevada', '89166', 5, '2023-02-26', 'Premium'),
(206, 'Florence', 'Moreno', 'florence.moreno@yahoo.com', '(1074) 314-2225', 'Atlanta', 'Georgia', '31132', 2, '2024-04-19', 'Regular'),
(207, 'Joshua', 'Soto', 'joshua.soto@yahoo.com', '(794) 131-5719', 'Lincoln', 'Nebraska', '68524', 7, '2022-01-12', 'Premium'),
(208, 'Sebastian', 'Romero', 'sebastian.romero@outlook.com', '(987) 623-3353', 'Chicago', 'Illinois', '60674', 3, '2022-07-21', 'Regular'),
(209, 'Bailey', 'Pena', 'bailey.pena@outlook.com', '(641) 774-1704', 'Honolulu', 'Hawaii', '96805', 5, '2022-07-17', 'Regular'),
(210, 'Benjamin', 'Wagner', 'benjamin.wagner@hotmail.com', '(676) 946-5645', 'Dayton', 'Ohio', '45440', 3, '2022-09-22', 'Premium'),
(211, 'Juan', 'Butler', 'juan.butler@gmail.com', '(410) 301-2122', 'Las Vegas', 'Nevada', '89155', 5, '2024-06-18', 'Regular'),
(212, 'Silas', 'Bradley', 'silas.bradley@outlook.com', '(1053) 888-4656', 'Brooklyn', 'New York', '11220', 1, '2024-06-19', 'Regular'),
(213, 'Everly', 'Medina', 'everly.medina@hotmail.com', '(439) 283-1135', 'Silver Spring', 'Maryland', '20910', 8, '2024-01-05', 'Premium'),
(214, 'Ella', 'Le', 'ella.le@outlook.com', '(837) 441-5467', 'Henderson', 'Nevada', '89074', 5, '2022-07-07', 'Premium'),
(215, 'Madeline', 'Rice', 'madeline.rice@yahoo.com', '(729) 567-4633', 'Phoenix', 'Arizona', '85083', 4, '2024-07-26', 'Premium'),
(216, 'Cole', 'Alexander', 'cole.alexander@hotmail.com', '(360) 856-6784', 'Dayton', 'Ohio', '45426', 3, '2022-07-04', 'Premium'),
(217, 'Judy', 'McCoy', 'judy.mccoy@hotmail.com', '(262) 317-8903', 'Chicago', 'Illinois', '60657', 3, '2022-07-11', 'Regular'),
(218, 'Natalie', 'Shaw', 'natalie.shaw@gmail.com', '(980) 933-8563', 'Winston Salem', 'North Carolina', '27105', 2, '2024-08-27', 'Premium'),
(219, 'Crystal', 'Williams', 'crystal.williams@gmail.com', '(204) 946-9462', 'Honolulu', 'Hawaii', '96845', 5, '2022-01-23', 'Regular'),
(220, 'Norma', 'Peterson', 'norma.peterson@icloud.com', '(629) 438-9468', 'San Francisco', 'California', '94169', 5, '2023-07-22', 'Regular'),
(221, 'Tristan', 'Johnson', 'tristan.johnson@icloud.com', '(737) 830-6969', 'Raleigh', 'North Carolina', '27610', 2, '2024-03-16', 'Regular'),
(222, 'Georgia', 'Estrada', 'georgia.estrada@gmail.com', '(1030) 996-4376', 'Warren', 'Michigan', '48092', 3, '2024-02-18', 'Regular'),
(223, 'Kimberly', 'Wong', 'kimberly.wong@outlook.com', '(983) 805-3460', 'Charlotte', 'North Carolina', '28242', 2, '2024-02-26', 'Regular'),
(224, 'George', 'Chambers', 'george.chambers@hotmail.com', '(529) 935-6153', 'Macon', 'Georgia', '31205', 2, '2022-05-16', 'Premium'),
(225, 'Nathan', 'Baker', 'nathan.baker@hotmail.com', '(670) 347-1848', 'Pasadena', 'California', '91131', 5, '2022-05-08', 'Regular'),
(226, 'Eugene', 'Snyder', 'eugene.snyder@yahoo.com', '(694) 181-9649', 'Honolulu', 'Hawaii', '96810', 5, '2022-02-18', 'Regular'),
(227, 'Elena', 'Ryan', 'elena.ryan@yahoo.com', '(543) 610-7623', 'Sparks', 'Nevada', '89436', 5, '2023-07-20', 'Regular'),
(228, 'Denise', 'Howard', 'denise.howard@hotmail.com', '(889) 832-4991', 'Hagerstown', 'Maryland', '21747', 8, '2022-12-04', 'Premium'),
(229, 'Layla', 'Hall', 'layla.hall@icloud.com', '(210) 454-3004', 'Springfield', 'Illinois', '62705', 3, '2023-07-22', 'Regular'),
(230, 'Molly', 'Goodwin', 'molly.goodwin@gmail.com', '(649) 622-8988', 'Flint', 'Michigan', '48550', 3, '2022-08-10', 'Premium'),
(231, 'Caroline', 'Flores', 'caroline.flores@icloud.com', '(746) 361-1891', 'Detroit', 'Michigan', '48267', 3, '2022-05-24', 'Premium'),
(232, 'Kristin', 'McDonald', 'kristin.mcdonald@icloud.com', '(463) 721-8905', 'Atlanta', 'Georgia', '31165', 2, '2024-06-14', 'Regular'),
(233, 'Calvin', 'Guzman', 'calvin.guzman@yahoo.com', '(892) 372-4241', 'Akron', 'Ohio', '44305', 3, '2024-11-03', 'Regular'),
(234, 'Leah', 'Gomez', 'leah.gomez@hotmail.com', '(472) 472-1306', 'Eugene', 'Oregon', '97405', 6, '2023-06-17', 'Regular'),
(235, 'Ruby', 'Palmer', 'ruby.palmer@yahoo.com', '(892) 588-4032', 'Houston', 'Texas', '77288', 4, '2024-10-18', 'Regular'),
(236, 'Lori', 'Watson', 'lori.watson@icloud.com', '(609) 449-4871', 'Bozeman', 'Montana', '59771', 6, '2023-06-23', 'Regular'),
(237, 'Marie', 'Munoz', 'marie.munoz@hotmail.com', '(1055) 646-9742', 'Arlington', 'Virginia', '22212', 8, '2022-06-20', 'Premium'),
(238, 'Ralph', 'Cook', 'ralph.cook@gmail.com', '(1020) 605-7713', 'Billings', 'Montana', '59105', 6, '2022-03-05', 'Regular'),
(239, 'Albert', 'Fernandez', 'albert.fernandez@icloud.com', '(308) 665-8961', 'Tacoma', 'Washington', '98405', 6, '2024-02-11', 'Regular'),
(240, 'Alexander', 'Ramirez', 'alexander.ramirez@yahoo.com', '(484) 163-7799', 'Portland', 'Oregon', '97232', 6, '2022-11-20', 'Regular'),
(241, 'Ezra', 'Ortega', 'ezra.ortega@outlook.com', '(755) 976-3283', 'Billings', 'Montana', '59105', 6, '2022-02-03', 'Regular'),
(242, 'Bentley', 'Gibson', 'bentley.gibson@hotmail.com', '(745) 601-7380', 'Orlando', 'Florida', '32819', 2, '2023-04-03', 'Regular'),
(243, 'Diane', 'Hart', 'diane.hart@yahoo.com', '(956) 648-9363', 'Helena', 'Montana', '59623', 6, '2022-06-01', 'Premium'),
(244, 'Keith', 'Franklin', 'keith.franklin@yahoo.com', '(1017) 655-2688', 'Bridgeport', 'Connecticut', '06606', 1, '2024-04-07', 'Regular'),
(245, 'Geraldine', 'Cruz', 'geraldine.cruz@hotmail.com', '(288) 963-9612', 'Boston', 'Massachusetts', '02124', 1, '2024-10-28', 'Regular'),
(246, 'Faith', 'Gonzales', 'faith.gonzales@gmail.com', '(1064) 580-5106', 'Albuquerque', 'New Mexico', '87115', 4, '2024-07-13', 'Regular'),
(247, 'Jack', 'Woods', 'jack.woods@yahoo.com', '(1037) 621-7548', 'Portsmouth', 'Virginia', '23705', 8, '2023-07-13', 'Regular'),
(248, 'Stephen', 'Gordon', 'stephen.gordon@icloud.com', '(737) 914-4498', 'Hartford', 'Connecticut', '06160', 1, '2022-06-11', 'Regular'),
(249, 'Edward', 'Tran', 'edward.tran@icloud.com', '(868) 672-5833', 'Anaheim', 'California', '92805', 5, '2023-06-21', 'Premium'),
(250, 'Easton', 'Davis', 'easton.davis@hotmail.com', '(810) 134-3299', 'Reno', 'Nevada', '89510', 5, '2022-08-04', 'Regular');

INSERT INTO customers (customer_id, first_name, last_name, email, phone, city, state, postal_code, region_id, signup_date, customer_segment) VALUES
(251, 'Johnny', 'Berry', 'johnny.berry@gmail.com', '(1046) 554-5912', 'Durham', 'North Carolina', '27717', 2, '2023-03-07', 'Regular'),
(252, 'Maxwell', 'Jacobs', 'maxwell.jacobs@hotmail.com', '(992) 964-9777', 'Norwalk', 'Connecticut', '06854', 1, '2022-11-25', 'Regular'),
(253, 'Tara', 'Cox', 'tara.cox@hotmail.com', '(799) 431-3645', 'Las Cruces', 'New Mexico', '88006', 4, '2023-07-26', 'Premium'),
(254, 'Chelsea', 'Dominguez', 'chelsea.dominguez@hotmail.com', '(1007) 589-8375', 'Saint Louis', 'Missouri', '63143', 7, '2022-12-06', 'Premium'),
(255, 'Micah', 'Perry', 'micah.perry@outlook.com', '(640) 847-4111', 'Lakewood', 'Washington', '98498', 6, '2022-10-05', 'Regular'),
(256, 'Reagan', 'Vargas', 'reagan.vargas@hotmail.com', '(625) 771-1970', 'Billings', 'Montana', '59112', 6, '2024-08-15', 'Premium'),
(257, 'Roger', 'Weaver', 'roger.weaver@outlook.com', '(715) 837-1282', 'Springfield', 'Massachusetts', '01105', 1, '2024-01-09', 'Regular'),
(258, 'Steven', 'Cole', 'steven.cole@outlook.com', '(1037) 572-2079', 'Dallas', 'Texas', '75342', 4, '2023-01-12', 'Premium'),
(259, 'Dana', 'Washington', 'dana.washington@yahoo.com', '(1049) 190-9243', 'Las Vegas', 'Nevada', '89105', 5, '2022-10-15', 'Regular'),
(260, 'Chloe', 'Vasquez', 'chloe.vasquez@icloud.com', '(229) 183-1397', 'Seattle', 'Washington', '98158', 6, '2023-12-04', 'Regular'),
(261, 'Billy', 'Silva', 'billy.silva@icloud.com', '(549) 772-9384', 'Kansas City', 'Missouri', '64114', 7, '2022-01-06', 'Premium'),
(262, 'Andrew', 'Martin', 'andrew.martin@yahoo.com', '(684) 365-9313', 'Albuquerque', 'New Mexico', '87195', 4, '2023-11-14', 'Regular'),
(263, 'Brittany', 'Hunter', 'brittany.hunter@outlook.com', '(387) 371-2752', 'Topeka', 'Kansas', '66611', 7, '2023-11-24', 'Regular'),
(264, 'Mark', 'Lynch', 'mark.lynch@icloud.com', '(979) 970-8707', 'Rochester', 'New York', '14604', 1, '2022-03-07', 'Regular'),
(265, 'Grace', 'Schmidt', 'grace.schmidt@icloud.com', '(554) 454-3558', 'Farmington', 'Michigan', '48335', 3, '2022-04-01', 'Regular'),
(266, 'Anthony', 'Stephens', 'anthony.stephens@yahoo.com', '(379) 193-4376', 'Long Beach', 'California', '90810', 5, '2022-08-16', 'Regular'),
(267, 'Everett', 'Diaz', 'everett.diaz@hotmail.com', '(896) 861-9789', 'Jacksonville', 'Florida', '32259', 2, '2022-11-11', 'VIP'),
(268, 'Hayden', 'Ray', 'hayden.ray@icloud.com', '(286) 188-2201', 'Cincinnati', 'Ohio', '45243', 3, '2023-10-24', 'Regular'),
(269, 'Oscar', 'Edwards', 'oscar.edwards@icloud.com', '(593) 397-5156', 'Portland', 'Oregon', '97201', 6, '2023-08-14', 'Regular'),
(270, 'Dominic', 'Jordan', 'dominic.jordan@yahoo.com', '(360) 564-3653', 'El Paso', 'Texas', '88558', 4, '2023-01-15', 'Regular'),
(271, 'Rosa', 'Simmons', 'rosa.simmons@gmail.com', '(496) 852-2155', 'Danbury', 'Connecticut', '06816', 1, '2023-11-06', 'Regular'),
(272, 'Stephanie', 'Mitchell', 'stephanie.mitchell@yahoo.com', '(662) 316-5942', 'Dearborn', 'Michigan', '48126', 3, '2022-06-18', 'Regular'),
(273, 'Katelyn', 'Figueroa', 'katelyn.figueroa@hotmail.com', '(725) 884-3841', 'Chicago', 'Illinois', '60686', 3, '2023-01-17', 'VIP'),
(274, 'Connie', 'Jensen', 'connie.jensen@gmail.com', '(440) 868-3289', 'Las Vegas', 'Nevada', '89193', 5, '2022-08-07', 'Regular'),
(275, 'Deborah', 'Wright', 'deborah.wright@outlook.com', '(204) 750-1284', 'Missoula', 'Montana', '59806', 6, '2023-03-11', 'Premium'),
(276, 'Brianna', 'Daniels', 'brianna.daniels@yahoo.com', '(534) 966-3725', 'Spring', 'Texas', '77386', 4, '2022-07-11', 'Regular'),
(277, 'Emery', 'Carlson', 'emery.carlson@yahoo.com', '(1086) 361-7058', 'Raleigh', 'North Carolina', '27626', 2, '2024-04-09', 'Regular'),
(278, 'Michelle', 'Foster', 'michelle.foster@outlook.com', '(493) 377-3112', 'Lincoln', 'Nebraska', '68517', 7, '2023-04-08', 'Regular'),
(279, 'Piper', 'Herrera', 'piper.herrera@hotmail.com', '(755) 567-1621', 'New Haven', 'Connecticut', '06533', 1, '2023-09-01', 'Regular'),
(280, 'Terry', 'Morales', 'terry.morales@yahoo.com', '(386) 979-8728', 'Charlotte', 'North Carolina', '28235', 2, '2022-07-21', 'Premium'),
(281, 'Gloria', 'Price', 'gloria.price@icloud.com', '(553) 583-1334', 'Honolulu', 'Hawaii', '96815', 5, '2023-02-26', 'Regular'),
(282, 'Megan', 'Myers', 'megan.myers@yahoo.com', '(703) 567-3226', 'Akron', 'Ohio', '44310', 3, '2023-02-19', 'Premium'),
(283, 'Joan', 'Hudson', 'joan.hudson@outlook.com', '(798) 219-2929', 'Albuquerque', 'New Mexico', '87140', 4, '2024-05-04', 'Regular'),
(284, 'Becky', 'Green', 'becky.green@yahoo.com', '(481) 559-3365', 'Scottsdale', 'Arizona', '85260', 4, '2023-09-18', 'Regular'),
(285, 'Maddox', 'Bailey', 'maddox.bailey@yahoo.com', '(906) 697-8675', 'Fort Lauderdale', 'Florida', '33315', 2, '2022-04-06', 'Regular'),
(286, 'Katherine', 'Ramos', 'katherine.ramos@yahoo.com', '(876) 861-3678', 'Pensacola', 'Florida', '32590', 2, '2024-09-18', 'Regular'),
(287, 'Jace', 'Thompson', 'jace.thompson@yahoo.com', '(618) 501-9829', 'Portland', 'Oregon', '97271', 6, '2023-10-25', 'Regular'),
(288, 'Gerald', 'Taylor', 'gerald.taylor@hotmail.com', '(632) 928-1023', 'Flushing', 'New York', '11388', 1, '2022-07-13', 'VIP'),
(289, 'Sandra', 'Olson', 'sandra.olson@hotmail.com', '(319) 354-4782', 'Atlanta', 'Georgia', '30343', 2, '2022-12-03', 'Premium'),
(290, 'Gabriel', 'Sandoval', 'gabriel.sandoval@icloud.com', '(822) 993-7807', 'Honolulu', 'Hawaii', '96825', 5, '2024-11-26', 'Regular'),
(291, 'Amanda', 'Santos', 'amanda.santos@yahoo.com', '(1035) 418-7386', 'Mesa', 'Arizona', '85215', 4, '2023-10-19', 'Regular'),
(292, 'Morgan', 'Rivera', 'morgan.rivera@icloud.com', '(469) 402-6909', 'Raleigh', 'North Carolina', '27635', 2, '2022-11-17', 'Premium'),
(293, 'Gianna', 'Pena', 'gianna.pena@yahoo.com', '(460) 314-7650', 'Boston', 'Massachusetts', '02208', 1, '2023-09-09', 'Premium'),
(294, 'Jean', 'White', 'jean.white@outlook.com', '(287) 543-8538', 'Springfield', 'Illinois', '62718', 3, '2023-03-09', 'Premium'),
(295, 'William', 'Lawson', 'william.lawson@yahoo.com', '(926) 881-3478', 'Tacoma', 'Washington', '98424', 6, '2024-12-18', 'Regular'),
(296, 'Rowan', 'Stone', 'rowan.stone@yahoo.com', '(435) 337-9096', 'Pensacola', 'Florida', '32505', 2, '2024-08-14', 'Premium'),
(297, 'Aria', 'Gomez', 'aria.gomez@outlook.com', '(901) 830-5952', 'Seattle', 'Washington', '98104', 6, '2023-11-10', 'Regular'),
(298, 'Linda', 'Vasquez', 'linda.vasquez@gmail.com', '(831) 901-6959', 'Cleveland', 'Ohio', '44197', 3, '2023-09-24', 'Regular'),
(299, 'Bonnie', 'Patterson', 'bonnie.patterson@outlook.com', '(902) 677-9277', 'Hampton', 'Virginia', '23668', 8, '2023-12-11', 'Premium'),
(300, 'Kenneth', 'Kim', 'kenneth.kim@hotmail.com', '(356) 511-6976', 'Frederick', 'Maryland', '21705', 8, '2023-10-11', 'Premium');

INSERT INTO customers (customer_id, first_name, last_name, email, phone, city, state, postal_code, region_id, signup_date, customer_segment) VALUES
(301, 'Ryan', 'Parsons', 'ryan.parsons@icloud.com', '(964) 947-4664', 'Bowie', 'Maryland', '20719', 8, '2022-11-04', 'Regular'),
(302, 'Zoe', 'Cruz', 'zoe.cruz@gmail.com', '(916) 715-4348', 'Springfield', 'Massachusetts', '01129', 1, '2022-04-27', 'Regular'),
(303, 'Cindy', 'Flores', 'cindy.flores@yahoo.com', '(284) 924-7634', 'Salem', 'Oregon', '97312', 6, '2022-11-07', 'Regular'),
(304, 'Harold', 'Roberts', 'harold.roberts@hotmail.com', '(902) 297-4812', 'Pittsburgh', 'Pennsylvania', '15215', 8, '2024-12-02', 'Regular'),
(305, 'Teresa', 'Andrews', 'teresa.andrews@icloud.com', '(454) 150-7977', 'San Francisco', 'California', '94154', 5, '2022-07-16', 'VIP'),
(306, 'Weston', 'Reed', 'weston.reed@yahoo.com', '(1078) 784-2196', 'Portland', 'Oregon', '97211', 6, '2024-12-28', 'VIP'),
(307, 'Austin', 'Cox', 'austin.cox@hotmail.com', '(777) 977-4224', 'Fairfield', 'Connecticut', '06825', 1, '2024-09-27', 'VIP'),
(308, 'Angela', 'Green', 'angela.green@icloud.com', '(224) 758-7576', 'Cleveland', 'Ohio', '44130', 3, '2023-09-23', 'Regular'),
(309, 'Nina', 'Carr', 'nina.carr@hotmail.com', '(469) 862-8529', 'Tempe', 'Arizona', '85284', 4, '2024-04-21', 'Regular'),
(310, 'Oliver', 'Cooper', 'oliver.cooper@hotmail.com', '(273) 963-2471', 'Athens', 'Georgia', '30605', 2, '2022-04-19', 'Regular'),
(311, 'Thomas', 'Wheeler', 'thomas.wheeler@yahoo.com', '(708) 132-5965', 'Gilbert', 'Arizona', '85297', 4, '2022-09-22', 'Regular'),
(312, 'Phyllis', 'Nelson', 'phyllis.nelson@outlook.com', '(694) 102-9813', 'Boston', 'Massachusetts', '02216', 1, '2022-09-17', 'Regular'),
(313, 'Roman', 'Sanchez', 'roman.sanchez@gmail.com', '(302) 905-3142', 'Asheville', 'North Carolina', '28805', 2, '2023-11-20', 'Regular'),
(314, 'Jill', 'Harper', 'jill.harper@yahoo.com', '(995) 236-1858', 'Chicago', 'Illinois', '60646', 3, '2022-10-12', 'Regular'),
(315, 'Mariah', 'Willis', 'mariah.willis@gmail.com', '(1030) 895-5846', 'Fort Myers', 'Florida', '33913', 2, '2022-12-02', 'VIP'),
(316, 'Chase', 'Gibson', 'chase.gibson@gmail.com', '(726) 364-5250', 'Honolulu', 'Hawaii', '96820', 5, '2024-04-03', 'VIP'),
(317, 'Lydia', 'Salazar', 'lydia.salazar@yahoo.com', '(968) 302-4187', 'Atlanta', 'Georgia', '30336', 2, '2022-01-24', 'Premium'),
(318, 'Brody', 'Boyd', 'brody.boyd@yahoo.com', '(392) 622-5176', 'Brea', 'California', '92822', 5, '2022-09-24', 'Regular'),
(319, 'Jocelyn', 'Burns', 'jocelyn.burns@hotmail.com', '(412) 573-8272', 'Lees Summit', 'Missouri', '64082', 7, '2022-12-09', 'Regular'),
(320, 'Melanie', 'Zimmerman', 'melanie.zimmerman@hotmail.com', '(815) 951-1752', 'Pittsburgh', 'Pennsylvania', '15240', 8, '2023-02-27', 'Premium'),
(321, 'Timothy', 'West', 'timothy.west@icloud.com', '(253) 513-2841', 'Boston', 'Massachusetts', '02119', 1, '2022-07-17', 'Regular'),
(322, 'Willow', 'Bryant', 'willow.bryant@icloud.com', '(726) 478-6397', 'Honolulu', 'Hawaii', '96850', 5, '2022-06-24', 'VIP'),
(323, 'Susan', 'Hudson', 'susan.hudson@outlook.com', '(386) 217-2391', 'Austin', 'Texas', '78778', 4, '2023-09-26', 'Regular'),
(324, 'Colton', 'Price', 'colton.price@icloud.com', '(983) 814-8749', 'Cleveland', 'Ohio', '44185', 3, '2023-03-06', 'Premium'),
(325, 'Brittney', 'Silva', 'brittney.silva@gmail.com', '(532) 638-3048', 'Phoenix', 'Arizona', '85045', 4, '2022-11-13', 'Regular'),
(326, 'Shannon', 'Miller', 'shannon.miller@hotmail.com', '(370) 414-7434', 'Stockton', 'California', '95219', 5, '2023-06-15', 'Regular'),
(327, 'Summer', 'Morrison', 'summer.morrison@outlook.com', '(1020) 143-8035', 'Abilene', 'Texas', '79699', 4, '2023-02-16', 'VIP'),
(328, 'Avery', 'Long', 'avery.long@hotmail.com', '(359) 738-5821', 'Baltimore', 'Maryland', '21229', 8, '2023-01-06', 'Premium'),
(329, 'Makayla', 'Morris', 'makayla.morris@gmail.com', '(235) 626-7897', 'Cincinnati', 'Ohio', '45249', 3, '2024-03-12', 'Regular'),
(330, 'Christopher', 'Hall', 'christopher.hall@hotmail.com', '(435) 420-9627', 'San Diego', 'California', '92160', 5, '2024-09-24', 'Regular'),
(331, 'Amy', 'Robinson', 'amy.robinson@yahoo.com', '(953) 341-9747', 'Topeka', 'Kansas', '66699', 7, '2022-06-20', 'Regular'),
(332, 'Ezekiel', 'Matthews', 'ezekiel.matthews@hotmail.com', '(955) 837-6540', 'Naples', 'Florida', '33963', 2, '2024-10-25', 'Premium'),
(333, 'Joe', 'Butler', 'joe.butler@icloud.com', '(988) 108-5539', 'Laurel', 'Maryland', '20709', 8, '2023-12-19', 'Premium'),
(334, 'Kevin', 'Castro', 'kevin.castro@outlook.com', '(640) 712-7037', 'New Bedford', 'Massachusetts', '02745', 1, '2024-10-27', 'Regular'),
(335, 'Landon', 'Peterson', 'landon.peterson@gmail.com', '(329) 983-8886', 'Jamaica', 'New York', '11431', 1, '2022-10-05', 'Regular'),
(336, 'Alice', 'Hart', 'alice.hart@outlook.com', '(1079) 491-4511', 'Shawnee Mission', 'Kansas', '66286', 7, '2022-09-12', 'VIP'),
(337, 'Savannah', 'Reid', 'savannah.reid@hotmail.com', '(489) 328-4043', 'Raleigh', 'North Carolina', '27605', 2, '2022-08-09', 'Regular'),
(338, 'Raymond', 'Jackson', 'raymond.jackson@yahoo.com', '(484) 605-2315', 'Arlington', 'Texas', '76004', 4, '2024-03-15', 'Regular'),
(339, 'Cassandra', 'Wong', 'cassandra.wong@outlook.com', '(582) 579-6105', 'Tucson', 'Arizona', '85748', 4, '2022-03-04', 'Regular'),
(340, 'Bethany', 'Ortega', 'bethany.ortega@outlook.com', '(627) 887-6127', 'Kansas City', 'Kansas', '66112', 7, '2023-04-21', 'Regular'),
(341, 'Mackenzie', 'Jordan', 'mackenzie.jordan@outlook.com', '(429) 169-7576', 'Lincoln', 'Nebraska', '68583', 7, '2022-11-17', 'Premium'),
(342, 'Cameron', 'Singh', 'cameron.singh@outlook.com', '(290) 385-1238', 'Tacoma', 'Washington', '98411', 6, '2023-12-10', 'Regular'),
(343, 'Rhonda', 'Nunez', 'rhonda.nunez@hotmail.com', '(678) 668-6491', 'Herndon', 'Virginia', '22070', 8, '2023-06-15', 'Regular'),
(344, 'Theodore', 'Campbell', 'theodore.campbell@hotmail.com', '(1009) 678-5702', 'Kansas City', 'Kansas', '66105', 7, '2022-12-02', 'Premium'),
(345, 'Gregory', 'Nichols', 'gregory.nichols@outlook.com', '(340) 587-3217', 'Little Rock', 'Arkansas', '72204', 2, '2022-07-09', 'Regular'),
(346, 'Bella', 'Ward', 'bella.ward@yahoo.com', '(326) 427-3683', 'Tacoma', 'Washington', '98417', 6, '2023-06-04', 'Regular'),
(347, 'Janet', 'Nguyen', 'janet.nguyen@icloud.com', '(597) 573-6730', 'Worcester', 'Massachusetts', '01605', 1, '2024-12-18', 'Regular'),
(348, 'Joseph', 'Porter', 'joseph.porter@icloud.com', '(1026) 922-4632', 'Rochester', 'New York', '14624', 1, '2022-03-26', 'Regular'),
(349, 'Maria', 'King', 'maria.king@yahoo.com', '(205) 187-4952', 'Saint Louis', 'Missouri', '63180', 7, '2022-03-22', 'Premium'),
(350, 'Theo', 'Kennedy', 'theo.kennedy@icloud.com', '(400) 484-3436', 'Honolulu', 'Hawaii', '96840', 5, '2024-05-07', 'Premium');

INSERT INTO customers (customer_id, first_name, last_name, email, phone, city, state, postal_code, region_id, signup_date, customer_segment) VALUES
(351, 'Aurora', 'Aguilar', 'aurora.aguilar@gmail.com', '(552) 271-2918', 'Baltimore', 'Maryland', '21239', 8, '2023-10-21', 'Premium'),
(352, 'Valentina', 'Goodwin', 'valentina.goodwin@gmail.com', '(304) 881-8174', 'Wichita', 'Kansas', '67236', 7, '2024-05-13', 'Regular'),
(353, 'Cooper', 'Perkins', 'cooper.perkins@icloud.com', '(1012) 614-8121', 'Honolulu', 'Hawaii', '96815', 5, '2022-03-10', 'Premium'),
(354, 'Greyson', 'Jensen', 'greyson.jensen@outlook.com', '(747) 544-7619', 'Chicago', 'Illinois', '60636', 3, '2024-04-23', 'Premium'),
(355, 'Elaine', 'Williams', 'elaine.williams@outlook.com', '(611) 270-7131', 'Roanoke', 'Virginia', '24048', 8, '2024-12-28', 'Regular'),
(356, 'Erin', 'Bennett', 'erin.bennett@hotmail.com', '(943) 430-8698', 'Albuquerque', 'New Mexico', '87180', 4, '2022-09-17', 'Regular'),
(357, 'Ruby', 'Hoffman', 'ruby.hoffman@gmail.com', '(313) 562-7074', 'Topeka', 'Kansas', '66667', 7, '2023-08-05', 'Regular'),
(358, 'Hugo', 'Guerrero', 'hugo.guerrero@hotmail.com', '(1048) 393-8146', 'Las Vegas', 'Nevada', '89135', 5, '2022-08-26', 'Regular'),
(359, 'Charlotte', 'Coleman', 'charlotte.coleman@yahoo.com', '(1082) 827-1187', 'Spring Hill', 'Florida', '34611', 2, '2024-10-10', 'VIP'),
(360, 'Wesley', 'Bradley', 'wesley.bradley@yahoo.com', '(626) 915-8552', 'Tucson', 'Arizona', '85725', 4, '2022-07-16', 'Regular'),
(361, 'Brayden', 'George', 'brayden.george@gmail.com', '(346) 538-9116', 'Silver Spring', 'Maryland', '20918', 8, '2023-12-18', 'Regular'),
(362, 'Jose', 'Hernandez', 'jose.hernandez@gmail.com', '(783) 682-5759', 'Bryan', 'Texas', '77806', 4, '2023-08-13', 'Regular'),
(363, 'Rachel', 'Delgado', 'rachel.delgado@gmail.com', '(319) 679-8420', 'Watertown', 'Massachusetts', '02472', 1, '2023-11-16', 'Premium'),
(364, 'Justin', 'Watson', 'justin.watson@hotmail.com', '(906) 145-6945', 'Buffalo', 'New York', '14276', 1, '2024-01-15', 'Regular'),
(365, 'Wesley', 'Riley', 'wesley.riley@outlook.com', '(887) 734-3766', 'Charlotte', 'North Carolina', '28256', 2, '2022-05-27', 'VIP'),
(366, 'Sheryl', 'Palmer', 'sheryl.palmer@hotmail.com', '(875) 783-2006', 'Topeka', 'Kansas', '66622', 7, '2022-10-26', 'Regular'),
(367, 'Henry', 'Howard', 'henry.howard@yahoo.com', '(945) 455-9867', 'Virginia Beach', 'Virginia', '23459', 8, '2023-08-24', 'VIP'),
(368, 'Barbara', 'Mitchell', 'barbara.mitchell@yahoo.com', '(561) 818-4756', 'Stamford', 'Connecticut', '06912', 1, '2023-05-14', 'Regular'),
(369, 'Louis', 'Black', 'louis.black@hotmail.com', '(305) 817-8038', 'Brooklyn', 'New York', '11241', 1, '2024-09-19', 'Regular'),
(370, 'Jaxon', 'Morgan', 'jaxon.morgan@hotmail.com', '(677) 315-7629', 'Phoenix', 'Arizona', '85020', 4, '2023-02-24', 'Premium'),
(371, 'Naomi', 'Munoz', 'naomi.munoz@icloud.com', '(489) 665-7405', 'Honolulu', 'Hawaii', '96850', 5, '2022-01-25', 'Regular'),
(372, 'Meredith', 'Baker', 'meredith.baker@gmail.com', '(276) 259-2598', 'Canton', 'Ohio', '44760', 3, '2022-11-17', 'Premium'),
(373, 'Brooklyn', 'Thompson', 'brooklyn.thompson@outlook.com', '(929) 898-7456', 'Bozeman', 'Montana', '59771', 6, '2022-08-26', 'Premium'),
(374, 'Edna', 'Phillips', 'edna.phillips@outlook.com', '(365) 558-2065', 'New York City', 'New York', '10125', 1, '2022-12-14', 'Regular'),
(375, 'Lily', 'Richards', 'lily.richards@icloud.com', '(844) 821-6569', 'Baltimore', 'Maryland', '21203', 8, '2022-06-06', 'VIP'),
(376, 'Serenity', 'Li', 'serenity.li@yahoo.com', '(289) 433-9190', 'Springfield', 'Illinois', '62794', 3, '2022-05-10', 'Regular'),
(377, 'Quinn', 'Meyer', 'quinn.meyer@outlook.com', '(1078) 515-9837', 'Omaha', 'Nebraska', '68124', 7, '2023-12-04', 'Premium'),
(378, 'Riley', 'Richardson', 'riley.richardson@hotmail.com', '(355) 159-7592', 'Youngstown', 'Ohio', '44505', 3, '2023-06-27', 'Regular'),
(379, 'Laurie', 'Spencer', 'laurie.spencer@hotmail.com', '(668) 532-5435', 'Billings', 'Montana', '59112', 6, '2022-06-24', 'Premium'),
(380, 'Gage', 'Wagner', 'gage.wagner@icloud.com', '(424) 833-4669', 'Zephyrhills', 'Florida', '33543', 2, '2023-05-13', 'Regular'),
(381, 'Gabriella', 'Oliver', 'gabriella.oliver@gmail.com', '(203) 521-2414', 'Shawnee Mission', 'Kansas', '66210', 7, '2022-04-11', 'Regular'),
(382, 'Harrison', 'Dominguez', 'harrison.dominguez@yahoo.com', '(946) 698-9510', 'Omaha', 'Nebraska', '68179', 7, '2022-04-27', 'Regular'),
(383, 'Pauline', 'Powell', 'pauline.powell@hotmail.com', '(1019) 754-1020', 'Las Vegas', 'Nevada', '89130', 5, '2023-05-22', 'Regular'),
(384, 'Josephine', 'Fernandez', 'josephine.fernandez@outlook.com', '(1093) 849-3533', 'Phoenix', 'Arizona', '85030', 4, '2023-08-28', 'Regular'),
(385, 'Bernice', 'Gordon', 'bernice.gordon@icloud.com', '(475) 753-7433', 'Helena', 'Montana', '59623', 6, '2022-05-04', 'VIP'),
(386, 'Alyssa', 'Snyder', 'alyssa.snyder@yahoo.com', '(1053) 757-3758', 'Missoula', 'Montana', '59806', 6, '2022-03-02', 'Premium'),
(387, 'Dennis', 'Schmidt', 'dennis.schmidt@gmail.com', '(726) 335-6005', 'Albuquerque', 'New Mexico', '87190', 4, '2022-04-19', 'Regular'),
(388, 'Josiah', 'Hanson', 'josiah.hanson@outlook.com', '(496) 415-9090', 'Arlington', 'Virginia', '22205', 8, '2024-12-08', 'VIP'),
(389, 'Jasmine', 'Elliott', 'jasmine.elliott@hotmail.com', '(541) 164-3527', 'Atlanta', 'Georgia', '30323', 2, '2024-12-18', 'Premium'),
(390, 'Brandon', 'Alvarado', 'brandon.alvarado@gmail.com', '(709) 866-3322', 'Worcester', 'Massachusetts', '01654', 1, '2022-11-27', 'Premium'),
(391, 'Nicholas', 'Harvey', 'nicholas.harvey@gmail.com', '(729) 146-7964', 'Charlotte', 'North Carolina', '28230', 2, '2023-07-17', 'Regular'),
(392, 'Paula', 'Ruiz', 'paula.ruiz@hotmail.com', '(858) 722-8040', 'Raleigh', 'North Carolina', '27658', 2, '2024-10-09', 'Regular'),
(393, 'Christine', 'Hayes', 'christine.hayes@yahoo.com', '(646) 774-4455', 'Phoenix', 'Arizona', '85077', 4, '2024-03-12', 'VIP'),
(394, 'Marcus', 'Warren', 'marcus.warren@gmail.com', '(715) 397-5369', 'Greensboro', 'North Carolina', '27425', 2, '2022-05-11', 'Regular'),
(395, 'Eliana', 'Ramirez', 'eliana.ramirez@icloud.com', '(901) 389-7894', 'San Diego', 'California', '92191', 5, '2022-06-09', 'VIP'),
(396, 'Parker', 'Wright', 'parker.wright@hotmail.com', '(362) 732-9665', 'Flint', 'Michigan', '48555', 3, '2023-06-22', 'Regular'),
(397, 'Hazel', 'Estrada', 'hazel.estrada@gmail.com', '(280) 230-2763', 'Alpharetta', 'Georgia', '30022', 2, '2024-07-01', 'Regular'),
(398, 'Christian', 'Tran', 'christian.tran@gmail.com', '(803) 413-3173', 'Glendale', 'California', '91210', 5, '2023-11-05', 'VIP'),
(399, 'Paul', 'Henderson', 'paul.henderson@icloud.com', '(747) 624-5985', 'Omaha', 'Nebraska', '68164', 7, '2024-11-08', 'Regular'),
(400, 'Elliott', 'Medina', 'elliott.medina@hotmail.com', '(356) 366-9176', 'Seattle', 'Washington', '98148', 6, '2022-03-12', 'Premium');

INSERT INTO customers (customer_id, first_name, last_name, email, phone, city, state, postal_code, region_id, signup_date, customer_segment) VALUES
(401, 'Kayla', 'Woods', 'kayla.woods@gmail.com', '(590) 381-6931', 'Honolulu', 'Hawaii', '96825', 5, '2023-02-27', 'Premium'),
(402, 'Donna', 'Edwards', 'donna.edwards@hotmail.com', '(504) 656-6503', 'Norfolk', 'Virginia', '23551', 8, '2024-09-27', 'Regular'),
(403, 'Logan', 'Kelly', 'logan.kelly@outlook.com', '(738) 374-5469', 'Baltimore', 'Maryland', '21216', 8, '2022-03-22', 'Regular'),
(404, 'Patrick', 'Reyes', 'patrick.reyes@icloud.com', '(511) 270-1740', 'Honolulu', 'Hawaii', '96840', 5, '2022-05-03', 'Regular'),
(405, 'Irene', 'Dixon', 'irene.dixon@outlook.com', '(644) 189-2609', 'Kansas City', 'Missouri', '64179', 7, '2022-04-25', 'Regular'),
(406, 'Regina', 'Carroll', 'regina.carroll@icloud.com', '(761) 461-2107', 'Portland', 'Oregon', '97201', 6, '2024-09-04', 'Regular'),
(407, 'Kathryn', 'Sanders', 'kathryn.sanders@yahoo.com', '(506) 314-7839', 'Denton', 'Texas', '76210', 4, '2022-04-03', 'Premium'),
(408, 'Gertrude', 'Davis', 'gertrude.davis@hotmail.com', '(337) 849-1055', 'Portland', 'Oregon', '97286', 6, '2023-05-28', 'Premium'),
(409, 'Richard', 'Martin', 'richard.martin@hotmail.com', '(523) 380-9738', 'Phoenix', 'Arizona', '85010', 4, '2024-01-28', 'Premium'),
(410, 'Rose', 'Wallace', 'rose.wallace@outlook.com', '(569) 247-5292', 'New Haven', 'Connecticut', '06510', 1, '2023-12-20', 'Regular'),
(411, 'Patricia', 'Clark', 'patricia.clark@icloud.com', '(383) 793-8040', 'El Paso', 'Texas', '88546', 4, '2023-02-13', 'Premium'),
(412, 'Axel', 'Contreras', 'axel.contreras@hotmail.com', '(938) 319-3418', 'Billings', 'Montana', '59105', 6, '2023-09-05', 'Regular'),
(413, 'Adrian', 'Dean', 'adrian.dean@outlook.com', '(616) 336-8691', 'Bozeman', 'Montana', '59771', 6, '2022-08-02', 'Regular'),
(414, 'Carol', 'Garcia', 'carol.garcia@gmail.com', '(853) 864-3994', 'Kansas City', 'Missouri', '64130', 7, '2024-05-13', 'VIP'),
(415, 'Sophia', 'Santiago', 'sophia.santiago@icloud.com', '(588) 841-5229', 'Hartford', 'Connecticut', '06120', 1, '2022-06-20', 'Premium'),
(416, 'Lois', 'Valdez', 'lois.valdez@hotmail.com', '(887) 344-1492', 'Honolulu', 'Hawaii', '96805', 5, '2022-08-02', 'Premium'),
(417, 'Sharon', 'Hunt', 'sharon.hunt@icloud.com', '(302) 895-5250', 'New York City', 'New York', '10009', 1, '2022-05-16', 'Regular'),
(418, 'Marilyn', 'Franklin', 'marilyn.franklin@outlook.com', '(722) 144-2835', 'Hialeah', 'Florida', '33013', 2, '2023-07-28', 'Premium'),
(419, 'Maya', 'Armstrong', 'maya.armstrong@gmail.com', '(744) 430-7089', 'Albuquerque', 'New Mexico', '87105', 4, '2024-02-13', 'Regular'),
(420, 'Evelyn', 'Lee', 'evelyn.lee@gmail.com', '(615) 401-4425', 'Portland', 'Oregon', '97255', 6, '2024-02-10', 'Premium'),
(421, 'Kristen', 'Stephens', 'kristen.stephens@outlook.com', '(439) 544-4643', 'Bridgeport', 'Connecticut', '06673', 1, '2023-04-25', 'Regular'),
(422, 'Mason', 'Anderson', 'mason.anderson@icloud.com', '(885) 956-7850', 'Santa Fe', 'New Mexico', '87592', 4, '2022-04-27', 'Regular'),
(423, 'Isabelle', 'Dunn', 'isabelle.dunn@icloud.com', '(339) 610-7509', 'Greensboro', 'North Carolina', '27409', 2, '2022-01-15', 'Premium'),
(424, 'Beckett', 'Olson', 'beckett.olson@hotmail.com', '(466) 243-9972', 'Sacramento', 'California', '94286', 5, '2022-10-23', 'Premium'),
(425, 'Gail', 'Ray', 'gail.ray@gmail.com', '(1075) 328-7264', 'Cleveland', 'Ohio', '44177', 3, '2022-12-19', 'Regular'),
(426, 'Leo', 'Hunter', 'leo.hunter@gmail.com', '(471) 449-1425', 'New Haven', 'Connecticut', '06520', 1, '2023-07-03', 'Regular'),
(427, 'Olivia', 'Espinoza', 'olivia.espinoza@yahoo.com', '(576) 660-1323', 'Lima', 'Ohio', '45807', 3, '2022-05-06', 'Regular'),
(428, 'Stella', 'Jones', 'stella.jones@yahoo.com', '(524) 216-1243', 'Lynchburg', 'Virginia', '24503', 8, '2023-01-26', 'Premium'),
(429, 'Allison', 'Weaver', 'allison.weaver@outlook.com', '(929) 458-5768', 'Spokane', 'Washington', '99205', 6, '2024-07-24', 'Regular'),
(430, 'Aaron', 'Freeman', 'aaron.freeman@outlook.com', '(540) 906-3691', 'Eugene', 'Oregon', '97405', 6, '2022-04-03', 'Regular'),
(431, 'Danielle', 'Rios', 'danielle.rios@outlook.com', '(877) 729-6919', 'Atlanta', 'Georgia', '31196', 2, '2023-06-10', 'Regular'),
(432, 'Brian', 'Owens', 'brian.owens@hotmail.com', '(636) 605-4168', 'Everett', 'Washington', '98206', 6, '2024-02-27', 'VIP'),
(433, 'Jacqueline', 'Rogers', 'jacqueline.rogers@gmail.com', '(209) 194-2506', 'Lynn', 'Massachusetts', '01905', 1, '2022-07-25', 'Regular'),
(434, 'Ronald', 'Harris', 'ronald.harris@icloud.com', '(1091) 860-9096', 'Saint Louis', 'Missouri', '63158', 7, '2022-02-21', 'Regular'),
(435, 'Claire', 'Jacobs', 'claire.jacobs@yahoo.com', '(824) 636-9816', 'Bradenton', 'Florida', '34210', 2, '2022-01-18', 'Premium'),
(436, 'Damian', 'Watkins', 'damian.watkins@gmail.com', '(791) 162-4317', 'Raleigh', 'North Carolina', '27690', 2, '2024-03-28', 'Regular'),
(437, 'Larry', 'Rice', 'larry.rice@gmail.com', '(941) 962-1758', 'Billings', 'Montana', '59105', 6, '2022-02-07', 'Regular'),
(438, 'Sarah', 'Simmons', 'sarah.simmons@yahoo.com', '(674) 866-6397', 'Humble', 'Texas', '77346', 4, '2023-01-01', 'VIP'),
(439, 'Joanne', 'Ortiz', 'joanne.ortiz@gmail.com', '(732) 556-9975', 'Honolulu', 'Hawaii', '96810', 5, '2023-08-28', 'Regular'),
(440, 'Kinsley', 'Lynch', 'kinsley.lynch@yahoo.com', '(567) 103-6846', 'Albuquerque', 'New Mexico', '87201', 4, '2022-11-26', 'Premium'),
(441, 'Hunter', 'McCoy', 'hunter.mccoy@yahoo.com', '(971) 892-6153', 'Decatur', 'Georgia', '30033', 2, '2022-12-16', 'Regular'),
(442, 'Kennedy', 'Simpson', 'kennedy.simpson@icloud.com', '(762) 635-8336', 'Salem', 'Oregon', '97306', 6, '2023-10-06', 'Premium'),
(443, 'Luna', 'Mendez', 'luna.mendez@yahoo.com', '(514) 340-2819', 'Saginaw', 'Michigan', '48604', 3, '2024-11-26', 'Regular'),
(444, 'Esther', 'Guzman', 'esther.guzman@outlook.com', '(671) 855-9001', 'Kansas City', 'Missouri', '64101', 7, '2023-04-05', 'Regular'),
(445, 'Sean', 'Wood', 'sean.wood@gmail.com', '(1064) 129-3315', 'Portland', 'Oregon', '97232', 6, '2023-01-22', 'Premium'),
(446, 'Kelsey', 'Herrera', 'kelsey.herrera@outlook.com', '(340) 749-8353', 'Huntington', 'West Virginia', '25726', 6, '2022-07-27', 'Premium'),
(447, 'Emily', 'Patel', 'emily.patel@icloud.com', '(573) 519-7383', 'Bozeman', 'Montana', '59771', 6, '2023-03-10', 'Regular'),
(448, 'Violet', 'Graham', 'violet.graham@hotmail.com', '(299) 943-9455', 'Albuquerque', 'New Mexico', '87121', 4, '2024-11-15', 'Regular'),
(449, 'Ellie', 'Rivera', 'ellie.rivera@outlook.com', '(443) 159-9547', 'Tucson', 'Arizona', '85743', 4, '2024-12-04', 'Premium'),
(450, 'Peter', 'Maldonado', 'peter.maldonado@icloud.com', '(801) 923-5723', 'Durham', 'North Carolina', '27710', 2, '2024-06-02', 'Regular');

INSERT INTO customers (customer_id, first_name, last_name, email, phone, city, state, postal_code, region_id, signup_date, customer_segment) VALUES
(451, 'Ryker', 'Robertson', 'ryker.robertson@outlook.com', '(929) 275-9460', 'Honolulu', 'Hawaii', '96835', 5, '2022-03-23', 'Regular'),
(452, 'Jade', 'Brown', 'jade.brown@yahoo.com', '(857) 625-2068', 'Norfolk', 'Virginia', '23514', 8, '2022-09-08', 'Regular'),
(453, 'Tyler', 'Carlson', 'tyler.carlson@icloud.com', '(439) 415-5171', 'Billings', 'Montana', '59112', 6, '2023-03-05', 'Premium'),
(454, 'Mary', 'Santos', 'mary.santos@gmail.com', '(987) 161-1026', 'Reno', 'Nevada', '89519', 5, '2022-07-11', 'Regular'),
(455, 'Gary', 'Martinez', 'gary.martinez@gmail.com', '(558) 802-4058', 'Charlotte', 'North Carolina', '28278', 2, '2022-07-19', 'VIP'),
(456, 'Joyce', 'Henry', 'joyce.henry@hotmail.com', '(530) 293-2018', 'Charlotte', 'North Carolina', '28299', 2, '2023-07-13', 'Regular'),
(457, 'Kaitlyn', 'Vazquez', 'kaitlyn.vazquez@icloud.com', '(852) 157-6269', 'Newport News', 'Virginia', '23605', 8, '2023-07-13', 'Regular'),
(458, 'Audrey', 'Sullivan', 'audrey.sullivan@yahoo.com', '(491) 521-9142', 'San Antonio', 'Texas', '78260', 4, '2022-10-21', 'VIP'),
(459, 'Penelope', 'Berry', 'penelope.berry@gmail.com', '(980) 223-7673', 'Missoula', 'Montana', '59806', 6, '2024-11-25', 'Regular'),
(460, 'Lillian', 'Taylor', 'lillian.taylor@hotmail.com', '(743) 168-5643', 'Lancaster', 'Pennsylvania', '17605', 8, '2024-07-03', 'Regular'),
(461, 'Mia', 'Soto', 'mia.soto@gmail.com', '(928) 993-5896', 'Newton', 'Massachusetts', '02458', 1, '2022-01-19', 'Premium'),
(462, 'Beverly', 'Hamilton', 'beverly.hamilton@outlook.com', '(382) 105-2501', 'Rockford', 'Illinois', '61105', 3, '2024-05-01', 'Premium'),
(463, 'Jasper', 'Walker', 'jasper.walker@icloud.com', '(435) 958-6108', 'Helena', 'Montana', '59623', 6, '2023-01-02', 'Premium'),
(464, 'Alexa', 'Montgomery', 'alexa.montgomery@outlook.com', '(557) 604-8144', 'Phoenix', 'Arizona', '85035', 4, '2022-03-22', 'Premium'),
(465, 'Cheryl', 'Cole', 'cheryl.cole@gmail.com', '(782) 674-8817', 'Youngstown', 'Ohio', '44555', 3, '2022-01-26', 'Regular'),
(466, 'Donald', 'Holmes', 'donald.holmes@hotmail.com', '(1049) 388-4598', 'Austin', 'Texas', '78759', 4, '2024-02-25', 'Regular'),
(467, 'James', 'Lawrence', 'james.lawrence@hotmail.com', '(846) 394-4605', 'Fort Smith', 'Arkansas', '72905', 5, '2024-02-11', 'VIP'),
(468, 'Kyle', 'Brooks', 'kyle.brooks@icloud.com', '(875) 351-6371', 'Boston', 'Massachusetts', '02114', 1, '2024-02-14', 'Regular'),
(469, 'Wyatt', 'Johnston', 'wyatt.johnston@yahoo.com', '(955) 155-5147', 'Santa Fe', 'New Mexico', '87505', 4, '2023-09-16', 'Regular'),
(470, 'Declan', 'Ross', 'declan.ross@outlook.com', '(546) 341-6267', 'Phoenix', 'Arizona', '85062', 4, '2023-09-17', 'Regular'),
(471, 'Tina', 'Sutton', 'tina.sutton@gmail.com', '(1007) 168-6088', 'Norwalk', 'Connecticut', '06859', 1, '2023-04-04', 'Premium'),
(472, 'Ashton', 'Hughes', 'ashton.hughes@yahoo.com', '(499) 815-1196', 'Lynchburg', 'Virginia', '24515', 8, '2023-06-06', 'Regular'),
(473, 'Andrea', 'Smith', 'andrea.smith@hotmail.com', '(1020) 860-2905', 'Detroit', 'Michigan', '48242', 3, '2022-11-19', 'Regular'),
(474, 'Margaret', 'Arnold', 'margaret.arnold@outlook.com', '(802) 644-1497', 'Wichita', 'Kansas', '67205', 7, '2022-06-12', 'Premium'),
(475, 'Anna', 'Hicks', 'anna.hicks@yahoo.com', '(636) 871-1592', 'Charleston', 'West Virginia', '25389', 3, '2022-07-24', 'VIP'),
(476, 'Adalynn', 'Young', 'adalynn.young@outlook.com', '(405) 996-3326', 'Charleston', 'West Virginia', '25326', 1, '2024-02-03', 'Premium'),
(477, 'Monica', 'Chapman', 'monica.chapman@yahoo.com', '(384) 367-2247', 'High Point', 'North Carolina', '27264', 2, '2022-09-12', 'Regular'),
(478, 'Delilah', 'Moreno', 'delilah.moreno@gmail.com', '(994) 368-4713', 'Gaithersburg', 'Maryland', '20883', 8, '2022-02-23', 'Premium'),
(479, 'Pamela', 'Romero', 'pamela.romero@gmail.com', '(484) 816-7650', 'Pompano Beach', 'Florida', '33075', 2, '2022-05-06', 'Premium'),
(480, 'Carson', 'Kelley', 'carson.kelley@hotmail.com', '(364) 571-4491', 'Merrifield', 'Virginia', '22119', 8, '2022-02-11', 'VIP'),
(481, 'Arthur', 'Rose', 'arthur.rose@hotmail.com', '(590) 300-8286', 'Carson City', 'Nevada', '89706', 5, '2023-08-07', 'Regular'),
(482, 'Frank', 'Peters', 'frank.peters@icloud.com', '(738) 587-1310', 'Chandler', 'Arizona', '85246', 4, '2023-06-14', 'Premium'),
(483, 'Levi', 'Chen', 'levi.chen@icloud.com', '(1007) 365-9252', 'Richmond', 'Virginia', '23237', 8, '2023-06-09', 'VIP'),
(484, 'Hannah', 'Figueroa', 'hannah.figueroa@icloud.com', '(554) 939-6556', 'Wilkes Barre', 'Pennsylvania', '18706', 8, '2023-07-07', 'Regular'),
(485, 'Zachary', 'Castillo', 'zachary.castillo@outlook.com', '(581) 942-2307', 'Omaha', 'Nebraska', '68134', 7, '2024-06-16', 'VIP'),
(486, 'Kimberly', 'O\'Brien', 'kimberly.o\'brien@yahoo.com', '(608) 357-2299', 'Olympia', 'Washington', '98506', 6, '2023-04-22', 'Premium'),
(487, 'Abigail', 'Tucker', 'abigail.tucker@hotmail.com', '(783) 754-5282', 'Salem', 'Oregon', '97312', 6, '2023-11-21', 'VIP'),
(488, 'Teresa', 'Newman', 'teresa.newman@icloud.com', '(757) 846-9408', 'Phoenix', 'Arizona', '85099', 4, '2024-07-21', 'Regular'),
(489, 'Thelma', 'Stevens', 'thelma.stevens@gmail.com', '(908) 167-1416', 'Homestead', 'Florida', '33034', 2, '2022-04-23', 'Regular'),
(490, 'Bobby', 'Garza', 'bobby.garza@icloud.com', '(623) 341-3271', 'New York City', 'New York', '10105', 1, '2023-08-08', 'Regular'),
(491, 'Paisley', 'Mendoza', 'paisley.mendoza@yahoo.com', '(826) 352-6651', 'Pasadena', 'California', '91103', 5, '2022-12-22', 'Regular'),
(492, 'Lydia', 'Fisher', 'lydia.fisher@hotmail.com', '(930) 485-4310', 'Santa Fe', 'New Mexico', '87592', 4, '2024-09-11', 'VIP'),
(493, 'Molly', 'Hernandes', 'molly.hernandes@gmail.com', '(672) 753-9477', 'Reno', 'Nevada', '89505', 5, '2024-07-23', 'Regular'),
(494, 'Hazel', 'Jimenez', 'hazel.jimenez@icloud.com', '(505) 647-6375', 'Lincoln', 'Nebraska', '68505', 7, '2024-08-05', 'Premium'),
(495, 'Harold', 'Gilbert', 'harold.gilbert@outlook.com', '(447) 605-9012', 'Durham', 'North Carolina', '27705', 2, '2023-02-27', 'VIP'),
(496, 'Laura', 'Grant', 'laura.grant@icloud.com', '(888) 205-6996', 'New York City', 'New York', '10014', 1, '2022-08-27', 'Regular'),
(497, 'Janet', 'Perez', 'janet.perez@gmail.com', '(694) 917-4627', 'Honolulu', 'Hawaii', '96845', 5, '2022-04-21', 'Regular'),
(498, 'Violet', 'Payne', 'violet.payne@hotmail.com', '(331) 180-5370', 'Honolulu', 'Hawaii', '96820', 5, '2022-09-15', 'Regular'),
(499, 'Brianna', 'Murray', 'brianna.murray@yahoo.com', '(430) 567-5524', 'Reno', 'Nevada', '89595', 5, '2023-09-16', 'Regular'),
(500, 'Caleb', 'Daniels', 'caleb.daniels@yahoo.com', '(353) 571-2958', 'Phoenix', 'Arizona', '85067', 4, '2023-04-09', 'Regular');

-- ============================================
-- Table: products
-- ============================================
CREATE TABLE products (
  product_id INT AUTO_INCREMENT PRIMARY KEY,
  product_name VARCHAR(200) NOT NULL,
  category_id INT NOT NULL,
  unit_price DECIMAL(10,2) NOT NULL,
  cost_price DECIMAL(10,2) NOT NULL,
  stock_quantity INT DEFAULT 0,
  is_active TINYINT(1) DEFAULT 1,
  FOREIGN KEY (category_id) REFERENCES categories(category_id)
) ENGINE=InnoDB;

INSERT INTO products (product_id, product_name, category_id, unit_price, cost_price, stock_quantity, is_active) VALUES (1, 'Wireless Earbuds Pro', 1, 79.99, 32, 114, true);
INSERT INTO products (product_id, product_name, category_id, unit_price, cost_price, stock_quantity, is_active) VALUES (2, 'Smartphone X12', 1, 899.99, 420, 160, true);
INSERT INTO products (product_id, product_name, category_id, unit_price, cost_price, stock_quantity, is_active) VALUES (3, 'Laptop UltraSlim 15', 1, 1249.99, 680, 218, true);
INSERT INTO products (product_id, product_name, category_id, unit_price, cost_price, stock_quantity, is_active) VALUES (4, 'Bluetooth Speaker', 1, 49.99, 18, 313, false);
INSERT INTO products (product_id, product_name, category_id, unit_price, cost_price, stock_quantity, is_active) VALUES (5, '4K Webcam', 1, 129.99, 52, 99, true);
INSERT INTO products (product_id, product_name, category_id, unit_price, cost_price, stock_quantity, is_active) VALUES (6, 'USB-C Hub 7-in-1', 1, 39.99, 14, 462, true);
INSERT INTO products (product_id, product_name, category_id, unit_price, cost_price, stock_quantity, is_active) VALUES (7, 'Mens Cotton T-Shirt', 2, 24.99, 8, 231, true);
INSERT INTO products (product_id, product_name, category_id, unit_price, cost_price, stock_quantity, is_active) VALUES (8, 'Womens Running Shoes', 2, 89.99, 35, 485, true);
INSERT INTO products (product_id, product_name, category_id, unit_price, cost_price, stock_quantity, is_active) VALUES (9, 'Denim Jacket', 2, 64.99, 22, 515, true);
INSERT INTO products (product_id, product_name, category_id, unit_price, cost_price, stock_quantity, is_active) VALUES (10, 'Winter Parka', 2, 149.99, 55, 188, true);
INSERT INTO products (product_id, product_name, category_id, unit_price, cost_price, stock_quantity, is_active) VALUES (11, 'Leather Belt', 2, 34.99, 11, 340, true);
INSERT INTO products (product_id, product_name, category_id, unit_price, cost_price, stock_quantity, is_active) VALUES (12, 'Sunglasses Classic', 2, 29.99, 9, 404, true);
INSERT INTO products (product_id, product_name, category_id, unit_price, cost_price, stock_quantity, is_active) VALUES (13, 'Stainless Steel Cookware Set', 3, 199.99, 85, 328, true);
INSERT INTO products (product_id, product_name, category_id, unit_price, cost_price, stock_quantity, is_active) VALUES (14, 'Memory Foam Pillow', 3, 44.99, 16, 527, false);
INSERT INTO products (product_id, product_name, category_id, unit_price, cost_price, stock_quantity, is_active) VALUES (15, 'LED Desk Lamp', 3, 39.99, 14, 283, true);
INSERT INTO products (product_id, product_name, category_id, unit_price, cost_price, stock_quantity, is_active) VALUES (16, 'Air Purifier', 3, 159.99, 68, 540, false);
INSERT INTO products (product_id, product_name, category_id, unit_price, cost_price, stock_quantity, is_active) VALUES (17, 'Ceramic Vase', 3, 27.99, 9, 198, true);
INSERT INTO products (product_id, product_name, category_id, unit_price, cost_price, stock_quantity, is_active) VALUES (18, 'Throw Blanket', 3, 34.99, 12, 325, false);
INSERT INTO products (product_id, product_name, category_id, unit_price, cost_price, stock_quantity, is_active) VALUES (19, 'Yoga Mat Premium', 4, 44.99, 15, 316, true);
INSERT INTO products (product_id, product_name, category_id, unit_price, cost_price, stock_quantity, is_active) VALUES (20, 'Adjustable Dumbbells', 4, 199.99, 90, 86, true);
INSERT INTO products (product_id, product_name, category_id, unit_price, cost_price, stock_quantity, is_active) VALUES (21, 'Camping Tent 4-Person', 4, 179.99, 72, 278, true);
INSERT INTO products (product_id, product_name, category_id, unit_price, cost_price, stock_quantity, is_active) VALUES (22, 'Hiking Backpack 40L', 4, 89.99, 34, 203, true);
INSERT INTO products (product_id, product_name, category_id, unit_price, cost_price, stock_quantity, is_active) VALUES (23, 'Fitness Tracker Band', 4, 59.99, 22, 442, true);
INSERT INTO products (product_id, product_name, category_id, unit_price, cost_price, stock_quantity, is_active) VALUES (24, 'Jump Rope Speed', 4, 14.99, 4, 264, true);
INSERT INTO products (product_id, product_name, category_id, unit_price, cost_price, stock_quantity, is_active) VALUES (25, 'Bestseller Novel Collection', 5, 29.99, 10, 73, true);
INSERT INTO products (product_id, product_name, category_id, unit_price, cost_price, stock_quantity, is_active) VALUES (26, 'Sci-Fi Anthology', 5, 19.99, 7, 152, true);
INSERT INTO products (product_id, product_name, category_id, unit_price, cost_price, stock_quantity, is_active) VALUES (27, 'Cookbook: World Flavors', 5, 34.99, 13, 210, true);
INSERT INTO products (product_id, product_name, category_id, unit_price, cost_price, stock_quantity, is_active) VALUES (28, 'History Documentary Box Set', 5, 49.99, 20, 93, true);
INSERT INTO products (product_id, product_name, category_id, unit_price, cost_price, stock_quantity, is_active) VALUES (29, 'Language Learning Kit', 5, 59.99, 24, 493, true);
INSERT INTO products (product_id, product_name, category_id, unit_price, cost_price, stock_quantity, is_active) VALUES (30, 'Childrens Picture Book Set', 5, 22.99, 8, 324, true);
INSERT INTO products (product_id, product_name, category_id, unit_price, cost_price, stock_quantity, is_active) VALUES (31, 'Vitamin C Serum', 6, 24.99, 6, 281, true);
INSERT INTO products (product_id, product_name, category_id, unit_price, cost_price, stock_quantity, is_active) VALUES (32, 'Electric Toothbrush', 6, 69.99, 28, 130, true);
INSERT INTO products (product_id, product_name, category_id, unit_price, cost_price, stock_quantity, is_active) VALUES (33, 'Moisturizing Cream', 6, 18.99, 5, 416, true);
INSERT INTO products (product_id, product_name, category_id, unit_price, cost_price, stock_quantity, is_active) VALUES (34, 'Hair Dryer Professional', 6, 79.99, 30, 318, true);
INSERT INTO products (product_id, product_name, category_id, unit_price, cost_price, stock_quantity, is_active) VALUES (35, 'Sunscreen SPF 50', 6, 14.99, 4, 121, true);
INSERT INTO products (product_id, product_name, category_id, unit_price, cost_price, stock_quantity, is_active) VALUES (36, 'Essential Oil Diffuser', 6, 34.99, 12, 282, true);
INSERT INTO products (product_id, product_name, category_id, unit_price, cost_price, stock_quantity, is_active) VALUES (37, 'Strategy Board Game', 7, 44.99, 17, 255, true);
INSERT INTO products (product_id, product_name, category_id, unit_price, cost_price, stock_quantity, is_active) VALUES (38, '1000-Piece Puzzle', 7, 19.99, 6, 277, true);
INSERT INTO products (product_id, product_name, category_id, unit_price, cost_price, stock_quantity, is_active) VALUES (39, 'Remote Control Car', 7, 54.99, 20, 484, true);
INSERT INTO products (product_id, product_name, category_id, unit_price, cost_price, stock_quantity, is_active) VALUES (40, 'Building Block Set', 7, 39.99, 14, 487, true);
INSERT INTO products (product_id, product_name, category_id, unit_price, cost_price, stock_quantity, is_active) VALUES (41, 'Card Game Pack', 7, 12.99, 4, 168, true);
INSERT INTO products (product_id, product_name, category_id, unit_price, cost_price, stock_quantity, is_active) VALUES (42, 'Plush Teddy Bear', 7, 24.99, 8, 148, true);
INSERT INTO products (product_id, product_name, category_id, unit_price, cost_price, stock_quantity, is_active) VALUES (43, 'Ergonomic Office Chair', 8, 349.99, 150, 302, true);
INSERT INTO products (product_id, product_name, category_id, unit_price, cost_price, stock_quantity, is_active) VALUES (44, 'Mechanical Keyboard', 8, 89.99, 35, 480, true);
INSERT INTO products (product_id, product_name, category_id, unit_price, cost_price, stock_quantity, is_active) VALUES (45, 'Wireless Mouse', 8, 29.99, 10, 548, true);
INSERT INTO products (product_id, product_name, category_id, unit_price, cost_price, stock_quantity, is_active) VALUES (46, 'Standing Desk Converter', 8, 249.99, 110, 513, true);
INSERT INTO products (product_id, product_name, category_id, unit_price, cost_price, stock_quantity, is_active) VALUES (47, 'Desk Organizer Set', 8, 19.99, 6, 361, true);
INSERT INTO products (product_id, product_name, category_id, unit_price, cost_price, stock_quantity, is_active) VALUES (48, 'Whiteboard 36x24', 8, 44.99, 16, 511, false);
INSERT INTO products (product_id, product_name, category_id, unit_price, cost_price, stock_quantity, is_active) VALUES (49, 'Noise Cancelling Headphones', 1, 249.99, 105, 155, true);
INSERT INTO products (product_id, product_name, category_id, unit_price, cost_price, stock_quantity, is_active) VALUES (50, 'Portable Charger 20000mAh', 1, 34.99, 12, 232, true);

-- ============================================
-- Table: orders
-- ============================================
CREATE TABLE orders (
  order_id INT AUTO_INCREMENT PRIMARY KEY,
  customer_id INT NOT NULL,
  salesperson_id INT NOT NULL,
  order_date DATE NOT NULL,
  order_status VARCHAR(20) DEFAULT 'Pending',
  FOREIGN KEY (customer_id) REFERENCES customers(customer_id),
  FOREIGN KEY (salesperson_id) REFERENCES salespeople(salesperson_id)
) ENGINE=InnoDB;

INSERT INTO orders (order_id, customer_id, salesperson_id, order_date, order_status) VALUES
(1, 435, 7, '2023-01-02', 'Shipped'),
(2, 170, 3, '2023-01-03', 'Completed'),
(3, 161, 3, '2023-01-03', 'Completed'),
(4, 250, 9, '2023-01-04', 'Shipped'),
(5, 491, 13, '2023-01-04', 'Completed'),
(6, 208, 13, '2023-01-05', 'Completed'),
(7, 164, 2, '2023-01-05', 'Completed'),
(8, 4, 19, '2023-01-05', 'Completed'),
(9, 38, 15, '2023-01-07', 'Completed'),
(10, 217, 2, '2023-01-07', 'Completed'),
(11, 96, 8, '2023-01-07', 'Completed'),
(12, 452, 8, '2023-01-09', 'Cancelled'),
(13, 477, 6, '2023-01-10', 'Cancelled'),
(14, 127, 15, '2023-01-10', 'Completed'),
(15, 250, 11, '2023-01-15', 'Completed'),
(16, 184, 16, '2023-01-15', 'Completed'),
(17, 404, 4, '2023-01-23', 'Shipped'),
(18, 310, 8, '2023-01-24', 'Completed'),
(19, 322, 7, '2023-01-25', 'Completed'),
(20, 128, 5, '2023-01-27', 'Completed'),
(21, 58, 1, '2023-01-28', 'Completed'),
(22, 474, 19, '2023-02-03', 'Completed'),
(23, 455, 16, '2023-02-05', 'Cancelled'),
(24, 152, 8, '2023-02-07', 'Completed'),
(25, 365, 11, '2023-02-09', 'Completed'),
(26, 360, 5, '2023-02-14', 'Shipped'),
(27, 381, 13, '2023-02-16', 'Completed'),
(28, 301, 7, '2023-02-18', 'Pending'),
(29, 461, 15, '2023-02-22', 'Completed'),
(30, 407, 8, '2023-02-26', 'Shipped'),
(31, 372, 16, '2023-03-02', 'Completed'),
(32, 324, 19, '2023-03-06', 'Completed'),
(33, 348, 10, '2023-03-09', 'Completed'),
(34, 65, 1, '2023-03-12', 'Completed'),
(35, 258, 4, '2023-03-12', 'Completed'),
(36, 491, 11, '2023-03-14', 'Completed'),
(37, 90, 2, '2023-03-17', 'Completed'),
(38, 373, 14, '2023-03-17', 'Completed'),
(39, 26, 1, '2023-03-21', 'Completed'),
(40, 139, 15, '2023-03-24', 'Processing'),
(41, 237, 6, '2023-03-28', 'Completed'),
(42, 280, 17, '2023-03-29', 'Shipped'),
(43, 201, 9, '2023-03-30', 'Completed'),
(44, 428, 10, '2023-03-31', 'Cancelled'),
(45, 382, 15, '2023-04-01', 'Completed'),
(46, 217, 10, '2023-04-04', 'Completed'),
(47, 386, 19, '2023-04-07', 'Processing'),
(48, 26, 5, '2023-04-10', 'Shipped'),
(49, 435, 17, '2023-04-11', 'Cancelled'),
(50, 337, 3, '2023-04-11', 'Completed'),
(51, 35, 12, '2023-04-13', 'Completed'),
(52, 176, 8, '2023-04-14', 'Completed'),
(53, 324, 9, '2023-04-18', 'Completed'),
(54, 225, 19, '2023-04-20', 'Pending'),
(55, 170, 19, '2023-04-21', 'Completed'),
(56, 441, 15, '2023-04-23', 'Cancelled'),
(57, 500, 3, '2023-04-28', 'Completed'),
(58, 61, 14, '2023-04-28', 'Pending'),
(59, 118, 12, '2023-04-28', 'Completed'),
(60, 219, 9, '2023-04-29', 'Completed'),
(61, 282, 10, '2023-04-30', 'Completed'),
(62, 216, 11, '2023-05-02', 'Shipped'),
(63, 210, 16, '2023-05-06', 'Completed'),
(64, 340, 3, '2023-05-09', 'Completed'),
(65, 99, 17, '2023-05-11', 'Completed'),
(66, 274, 13, '2023-05-12', 'Completed'),
(67, 446, 2, '2023-05-14', 'Completed'),
(68, 491, 3, '2023-05-16', 'Pending'),
(69, 274, 16, '2023-05-20', 'Completed'),
(70, 225, 10, '2023-05-20', 'Pending'),
(71, 400, 8, '2023-05-22', 'Completed'),
(72, 424, 18, '2023-05-25', 'Pending'),
(73, 231, 19, '2023-05-26', 'Completed'),
(74, 356, 7, '2023-05-28', 'Pending'),
(75, 201, 19, '2023-05-30', 'Pending'),
(76, 383, 13, '2023-05-31', 'Pending'),
(77, 58, 12, '2023-06-01', 'Completed'),
(78, 248, 8, '2023-06-03', 'Completed'),
(79, 171, 16, '2023-06-06', 'Completed'),
(80, 111, 5, '2023-06-06', 'Shipped'),
(81, 380, 18, '2023-06-08', 'Completed'),
(82, 422, 9, '2023-06-08', 'Completed'),
(83, 111, 15, '2023-06-10', 'Pending'),
(84, 401, 3, '2023-06-11', 'Completed'),
(85, 194, 15, '2023-06-12', 'Processing'),
(86, 483, 10, '2023-06-12', 'Completed'),
(87, 33, 1, '2023-06-12', 'Cancelled'),
(88, 170, 11, '2023-06-12', 'Pending'),
(89, 479, 13, '2023-06-13', 'Completed'),
(90, 141, 17, '2023-06-13', 'Completed'),
(91, 424, 19, '2023-06-13', 'Completed'),
(92, 112, 3, '2023-06-14', 'Completed'),
(93, 62, 9, '2023-06-14', 'Completed'),
(94, 168, 17, '2023-06-16', 'Completed'),
(95, 348, 7, '2023-06-17', 'Completed'),
(96, 441, 8, '2023-06-18', 'Completed'),
(97, 138, 8, '2023-06-20', 'Completed'),
(98, 310, 2, '2023-06-20', 'Completed'),
(99, 473, 19, '2023-06-21', 'Processing'),
(100, 264, 4, '2023-06-21', 'Processing');

INSERT INTO orders (order_id, customer_id, salesperson_id, order_date, order_status) VALUES
(101, 430, 16, '2023-06-21', 'Completed'),
(102, 27, 16, '2023-06-23', 'Completed'),
(103, 249, 12, '2023-06-24', 'Completed'),
(104, 161, 3, '2023-06-24', 'Processing'),
(105, 89, 10, '2023-06-26', 'Completed'),
(106, 62, 12, '2023-06-26', 'Shipped'),
(107, 214, 5, '2023-06-27', 'Completed'),
(108, 415, 6, '2023-06-28', 'Completed'),
(109, 125, 18, '2023-06-30', 'Shipped'),
(110, 351, 11, '2023-07-01', 'Shipped'),
(111, 276, 7, '2023-07-01', 'Cancelled'),
(112, 261, 4, '2023-07-02', 'Completed'),
(113, 358, 3, '2023-07-02', 'Pending'),
(114, 454, 18, '2023-07-04', 'Shipped'),
(115, 431, 1, '2023-07-05', 'Completed'),
(116, 417, 10, '2023-07-06', 'Shipped'),
(117, 386, 18, '2023-07-10', 'Completed'),
(118, 238, 4, '2023-07-10', 'Shipped'),
(119, 66, 10, '2023-07-14', 'Completed'),
(120, 456, 14, '2023-07-14', 'Shipped'),
(121, 187, 19, '2023-07-16', 'Completed'),
(122, 405, 12, '2023-07-20', 'Completed'),
(123, 322, 20, '2023-07-23', 'Completed'),
(124, 471, 12, '2023-07-23', 'Cancelled'),
(125, 497, 4, '2023-07-25', 'Processing'),
(126, 241, 9, '2023-07-29', 'Completed'),
(127, 280, 18, '2023-07-31', 'Processing'),
(128, 14, 9, '2023-08-07', 'Completed'),
(129, 302, 5, '2023-08-07', 'Completed'),
(130, 237, 10, '2023-08-09', 'Cancelled'),
(131, 252, 10, '2023-08-10', 'Completed'),
(132, 437, 20, '2023-08-11', 'Processing'),
(133, 426, 15, '2023-08-11', 'Processing'),
(134, 258, 19, '2023-08-12', 'Completed'),
(135, 37, 20, '2023-08-13', 'Completed'),
(136, 371, 19, '2023-08-13', 'Completed'),
(137, 231, 5, '2023-08-14', 'Completed'),
(138, 435, 8, '2023-08-14', 'Completed'),
(139, 336, 16, '2023-08-15', 'Cancelled'),
(140, 318, 10, '2023-08-20', 'Processing'),
(141, 46, 15, '2023-08-22', 'Cancelled'),
(142, 327, 11, '2023-08-23', 'Completed'),
(143, 458, 9, '2023-08-24', 'Pending'),
(144, 24, 4, '2023-08-25', 'Processing'),
(145, 500, 6, '2023-08-27', 'Completed'),
(146, 425, 4, '2023-08-27', 'Completed'),
(147, 266, 11, '2023-09-03', 'Completed'),
(148, 478, 12, '2023-09-03', 'Completed'),
(149, 343, 12, '2023-09-04', 'Completed'),
(150, 371, 8, '2023-09-05', 'Completed'),
(151, 99, 2, '2023-09-05', 'Completed'),
(152, 165, 15, '2023-09-08', 'Completed'),
(153, 125, 4, '2023-09-08', 'Completed'),
(154, 444, 16, '2023-09-09', 'Completed'),
(155, 56, 20, '2023-09-10', 'Completed'),
(156, 153, 11, '2023-09-10', 'Processing'),
(157, 447, 9, '2023-09-12', 'Shipped'),
(158, 496, 3, '2023-09-12', 'Completed'),
(159, 379, 3, '2023-09-13', 'Completed'),
(160, 97, 14, '2023-09-13', 'Completed'),
(161, 42, 14, '2023-09-14', 'Pending'),
(162, 41, 16, '2023-09-14', 'Shipped'),
(163, 43, 14, '2023-09-16', 'Completed'),
(164, 106, 14, '2023-09-16', 'Completed'),
(165, 48, 19, '2023-09-19', 'Pending'),
(166, 483, 12, '2023-09-19', 'Completed'),
(167, 56, 11, '2023-09-21', 'Completed'),
(168, 327, 10, '2023-09-23', 'Completed'),
(169, 446, 13, '2023-09-24', 'Processing'),
(170, 69, 18, '2023-09-27', 'Completed'),
(171, 358, 7, '2023-09-29', 'Shipped'),
(172, 431, 3, '2023-10-01', 'Shipped'),
(173, 281, 17, '2023-10-02', 'Completed'),
(174, 236, 7, '2023-10-06', 'Completed'),
(175, 344, 5, '2023-10-06', 'Completed'),
(176, 34, 7, '2023-10-08', 'Completed'),
(177, 219, 20, '2023-10-10', 'Cancelled'),
(178, 229, 11, '2023-10-12', 'Completed'),
(179, 241, 17, '2023-10-17', 'Pending'),
(180, 357, 2, '2023-10-18', 'Completed'),
(181, 201, 4, '2023-10-19', 'Completed'),
(182, 208, 10, '2023-10-19', 'Pending'),
(183, 41, 5, '2023-10-22', 'Completed'),
(184, 19, 4, '2023-10-23', 'Completed'),
(185, 137, 16, '2023-10-24', 'Completed'),
(186, 7, 2, '2023-10-25', 'Completed'),
(187, 391, 3, '2023-10-25', 'Pending'),
(188, 317, 1, '2023-10-26', 'Pending'),
(189, 207, 11, '2023-10-27', 'Completed'),
(190, 69, 6, '2023-10-28', 'Pending'),
(191, 33, 8, '2023-10-29', 'Completed'),
(192, 291, 12, '2023-10-30', 'Completed'),
(193, 446, 9, '2023-10-31', 'Processing'),
(194, 288, 20, '2023-11-01', 'Shipped'),
(195, 210, 16, '2023-11-01', 'Completed'),
(196, 500, 16, '2023-11-01', 'Completed'),
(197, 168, 18, '2023-11-02', 'Pending'),
(198, 405, 12, '2023-11-03', 'Completed'),
(199, 253, 12, '2023-11-04', 'Completed'),
(200, 230, 9, '2023-11-05', 'Completed');

INSERT INTO orders (order_id, customer_id, salesperson_id, order_date, order_status) VALUES
(201, 479, 1, '2023-11-07', 'Completed'),
(202, 166, 7, '2023-11-09', 'Completed'),
(203, 470, 14, '2023-11-09', 'Completed'),
(204, 201, 9, '2023-11-10', 'Completed'),
(205, 447, 1, '2023-11-13', 'Completed'),
(206, 92, 20, '2023-11-13', 'Completed'),
(207, 169, 10, '2023-11-13', 'Completed'),
(208, 368, 11, '2023-11-14', 'Cancelled'),
(209, 13, 6, '2023-11-15', 'Completed'),
(210, 113, 12, '2023-11-15', 'Completed'),
(211, 158, 15, '2023-11-17', 'Completed'),
(212, 109, 17, '2023-11-17', 'Completed'),
(213, 189, 2, '2023-11-19', 'Completed'),
(214, 191, 5, '2023-11-19', 'Pending'),
(215, 458, 6, '2023-11-21', 'Cancelled'),
(216, 400, 10, '2023-11-21', 'Completed'),
(217, 249, 19, '2023-11-21', 'Completed'),
(218, 72, 7, '2023-11-22', 'Cancelled'),
(219, 7, 20, '2023-11-22', 'Completed'),
(220, 234, 17, '2023-11-23', 'Completed'),
(221, 118, 14, '2023-11-23', 'Pending'),
(222, 37, 6, '2023-11-24', 'Completed'),
(223, 481, 3, '2023-11-24', 'Cancelled'),
(224, 456, 6, '2023-11-26', 'Shipped'),
(225, 234, 15, '2023-11-27', 'Completed'),
(226, 200, 20, '2023-11-28', 'Completed'),
(227, 484, 5, '2023-11-28', 'Completed'),
(228, 487, 20, '2023-11-29', 'Cancelled'),
(229, 358, 7, '2023-12-01', 'Completed'),
(230, 122, 7, '2023-12-01', 'Completed'),
(231, 127, 10, '2023-12-01', 'Processing'),
(232, 140, 5, '2023-12-01', 'Completed'),
(233, 479, 17, '2023-12-02', 'Cancelled'),
(234, 403, 20, '2023-12-02', 'Processing'),
(235, 24, 16, '2023-12-02', 'Shipped'),
(236, 412, 15, '2023-12-04', 'Pending'),
(237, 187, 10, '2023-12-06', 'Processing'),
(238, 97, 3, '2023-12-06', 'Completed'),
(239, 394, 6, '2023-12-07', 'Completed'),
(240, 335, 2, '2023-12-08', 'Completed'),
(241, 403, 14, '2023-12-08', 'Cancelled'),
(242, 294, 12, '2023-12-08', 'Shipped'),
(243, 199, 11, '2023-12-08', 'Pending'),
(244, 293, 18, '2023-12-10', 'Completed'),
(245, 82, 9, '2023-12-11', 'Processing'),
(246, 168, 14, '2023-12-12', 'Completed'),
(247, 268, 19, '2023-12-12', 'Cancelled'),
(248, 267, 2, '2023-12-12', 'Completed'),
(249, 70, 15, '2023-12-13', 'Cancelled'),
(250, 263, 10, '2023-12-14', 'Cancelled'),
(251, 356, 5, '2023-12-14', 'Completed'),
(252, 382, 6, '2023-12-14', 'Completed'),
(253, 101, 1, '2023-12-14', 'Completed'),
(254, 345, 3, '2023-12-15', 'Pending'),
(255, 272, 8, '2023-12-16', 'Cancelled'),
(256, 83, 13, '2023-12-16', 'Processing'),
(257, 384, 3, '2023-12-17', 'Shipped'),
(258, 445, 9, '2023-12-18', 'Processing'),
(259, 373, 3, '2023-12-19', 'Completed'),
(260, 301, 6, '2023-12-19', 'Completed'),
(261, 279, 16, '2023-12-19', 'Completed'),
(262, 119, 3, '2023-12-19', 'Completed'),
(263, 118, 9, '2023-12-19', 'Completed'),
(264, 250, 4, '2023-12-20', 'Cancelled'),
(265, 83, 4, '2023-12-20', 'Completed'),
(266, 342, 14, '2023-12-22', 'Completed'),
(267, 426, 14, '2023-12-22', 'Shipped'),
(268, 301, 11, '2023-12-22', 'Completed'),
(269, 73, 2, '2023-12-22', 'Cancelled'),
(270, 274, 10, '2023-12-23', 'Shipped'),
(271, 228, 15, '2023-12-23', 'Completed'),
(272, 216, 15, '2023-12-23', 'Completed'),
(273, 35, 9, '2023-12-23', 'Pending'),
(274, 151, 15, '2023-12-24', 'Completed'),
(275, 49, 12, '2023-12-25', 'Completed'),
(276, 174, 5, '2023-12-25', 'Shipped'),
(277, 445, 2, '2023-12-25', 'Completed'),
(278, 161, 14, '2023-12-25', 'Completed'),
(279, 220, 17, '2023-12-25', 'Pending'),
(280, 500, 14, '2023-12-26', 'Completed'),
(281, 415, 17, '2023-12-26', 'Completed'),
(282, 209, 18, '2023-12-27', 'Completed'),
(283, 205, 6, '2023-12-27', 'Completed'),
(284, 234, 1, '2023-12-28', 'Completed'),
(285, 166, 4, '2023-12-28', 'Shipped'),
(286, 458, 5, '2023-12-28', 'Completed'),
(287, 473, 14, '2023-12-28', 'Completed'),
(288, 291, 9, '2023-12-28', 'Pending'),
(289, 315, 12, '2023-12-29', 'Completed'),
(290, 140, 7, '2023-12-29', 'Completed'),
(291, 360, 7, '2023-12-30', 'Completed'),
(292, 438, 3, '2023-12-30', 'Completed'),
(293, 441, 3, '2023-12-31', 'Shipped'),
(294, 175, 8, '2023-12-31', 'Completed'),
(295, 327, 7, '2023-12-31', 'Cancelled'),
(296, 165, 10, '2024-01-01', 'Completed'),
(297, 262, 12, '2024-01-02', 'Completed'),
(298, 237, 7, '2024-01-02', 'Completed'),
(299, 3, 19, '2024-01-03', 'Shipped'),
(300, 265, 15, '2024-01-03', 'Shipped');

INSERT INTO orders (order_id, customer_id, salesperson_id, order_date, order_status) VALUES
(301, 66, 7, '2024-01-03', 'Completed'),
(302, 381, 5, '2024-01-04', 'Pending'),
(303, 33, 17, '2024-01-04', 'Completed'),
(304, 83, 1, '2024-01-04', 'Completed'),
(305, 226, 15, '2024-01-05', 'Processing'),
(306, 236, 5, '2024-01-05', 'Completed'),
(307, 82, 18, '2024-01-05', 'Completed'),
(308, 90, 20, '2024-01-05', 'Completed'),
(309, 281, 15, '2024-01-06', 'Completed'),
(310, 275, 4, '2024-01-07', 'Completed'),
(311, 202, 18, '2024-01-07', 'Completed'),
(312, 108, 2, '2024-01-07', 'Completed'),
(313, 11, 18, '2024-01-09', 'Cancelled'),
(314, 228, 19, '2024-01-10', 'Cancelled'),
(315, 200, 2, '2024-01-10', 'Completed'),
(316, 401, 14, '2024-01-10', 'Completed'),
(317, 440, 11, '2024-01-11', 'Processing'),
(318, 238, 6, '2024-01-12', 'Completed'),
(319, 200, 14, '2024-01-14', 'Pending'),
(320, 216, 9, '2024-01-15', 'Cancelled'),
(321, 41, 9, '2024-01-16', 'Cancelled'),
(322, 383, 16, '2024-01-16', 'Cancelled'),
(323, 168, 2, '2024-01-17', 'Processing'),
(324, 356, 4, '2024-01-18', 'Pending'),
(325, 440, 20, '2024-01-19', 'Pending'),
(326, 129, 16, '2024-01-19', 'Completed'),
(327, 386, 1, '2024-01-20', 'Completed'),
(328, 2, 6, '2024-01-20', 'Completed'),
(329, 184, 3, '2024-01-21', 'Completed'),
(330, 219, 14, '2024-01-21', 'Completed'),
(331, 301, 12, '2024-01-22', 'Completed'),
(332, 363, 12, '2024-01-25', 'Pending'),
(333, 55, 4, '2024-01-26', 'Completed'),
(334, 308, 5, '2024-01-26', 'Shipped'),
(335, 48, 7, '2024-01-29', 'Shipped'),
(336, 437, 8, '2024-01-30', 'Shipped'),
(337, 491, 1, '2024-01-31', 'Completed'),
(338, 174, 9, '2024-01-31', 'Pending'),
(339, 149, 19, '2024-01-31', 'Completed'),
(340, 22, 15, '2024-01-31', 'Completed'),
(341, 179, 12, '2024-02-02', 'Completed'),
(342, 364, 10, '2024-02-02', 'Completed'),
(343, 187, 5, '2024-02-02', 'Shipped'),
(344, 288, 18, '2024-02-04', 'Completed'),
(345, 351, 4, '2024-02-04', 'Completed'),
(346, 301, 7, '2024-02-05', 'Completed'),
(347, 139, 14, '2024-02-05', 'Processing'),
(348, 144, 3, '2024-02-06', 'Completed'),
(349, 263, 8, '2024-02-07', 'Completed'),
(350, 65, 4, '2024-02-09', 'Cancelled'),
(351, 320, 13, '2024-02-10', 'Completed'),
(352, 273, 20, '2024-02-10', 'Cancelled'),
(353, 83, 14, '2024-02-10', 'Shipped'),
(354, 154, 18, '2024-02-11', 'Completed'),
(355, 419, 1, '2024-02-13', 'Processing'),
(356, 340, 2, '2024-02-13', 'Completed'),
(357, 124, 2, '2024-02-14', 'Completed'),
(358, 452, 11, '2024-02-16', 'Cancelled'),
(359, 362, 19, '2024-02-16', 'Processing'),
(360, 174, 8, '2024-02-17', 'Processing'),
(361, 372, 8, '2024-02-17', 'Completed'),
(362, 418, 3, '2024-02-19', 'Processing'),
(363, 173, 10, '2024-02-20', 'Completed'),
(364, 205, 4, '2024-02-21', 'Cancelled'),
(365, 433, 13, '2024-02-21', 'Completed'),
(366, 11, 9, '2024-02-23', 'Pending'),
(367, 164, 14, '2024-02-24', 'Processing'),
(368, 442, 8, '2024-02-26', 'Completed'),
(369, 499, 2, '2024-02-27', 'Pending'),
(370, 253, 9, '2024-02-28', 'Completed'),
(371, 83, 8, '2024-02-28', 'Completed'),
(372, 14, 6, '2024-02-29', 'Completed'),
(373, 305, 16, '2024-03-01', 'Completed'),
(374, 273, 17, '2024-03-03', 'Shipped'),
(375, 213, 11, '2024-03-03', 'Completed'),
(376, 21, 13, '2024-03-04', 'Completed'),
(377, 107, 16, '2024-03-05', 'Pending'),
(378, 391, 9, '2024-03-05', 'Pending'),
(379, 364, 19, '2024-03-06', 'Pending'),
(380, 420, 11, '2024-03-07', 'Completed'),
(381, 320, 19, '2024-03-09', 'Pending'),
(382, 315, 6, '2024-03-09', 'Completed'),
(383, 141, 8, '2024-03-10', 'Completed'),
(384, 489, 6, '2024-03-10', 'Pending'),
(385, 9, 20, '2024-03-11', 'Shipped'),
(386, 381, 5, '2024-03-11', 'Completed'),
(387, 138, 2, '2024-03-12', 'Completed'),
(388, 479, 7, '2024-03-12', 'Completed'),
(389, 131, 16, '2024-03-17', 'Cancelled'),
(390, 373, 19, '2024-03-18', 'Cancelled'),
(391, 82, 8, '2024-03-18', 'Shipped'),
(392, 213, 5, '2024-03-18', 'Pending'),
(393, 181, 14, '2024-03-19', 'Pending'),
(394, 214, 18, '2024-03-21', 'Processing'),
(395, 260, 18, '2024-03-22', 'Pending'),
(396, 208, 18, '2024-03-23', 'Completed'),
(397, 71, 10, '2024-03-25', 'Pending'),
(398, 393, 5, '2024-03-26', 'Completed'),
(399, 251, 20, '2024-03-26', 'Completed'),
(400, 47, 2, '2024-03-27', 'Shipped');

INSERT INTO orders (order_id, customer_id, salesperson_id, order_date, order_status) VALUES
(401, 262, 3, '2024-03-29', 'Completed'),
(402, 185, 9, '2024-03-29', 'Pending'),
(403, 77, 11, '2024-03-29', 'Completed'),
(404, 328, 5, '2024-03-29', 'Completed'),
(405, 57, 2, '2024-03-29', 'Pending'),
(406, 255, 17, '2024-03-31', 'Completed'),
(407, 134, 16, '2024-04-03', 'Processing'),
(408, 8, 3, '2024-04-03', 'Pending'),
(409, 284, 2, '2024-04-05', 'Completed'),
(410, 58, 11, '2024-04-05', 'Completed'),
(411, 171, 11, '2024-04-11', 'Completed'),
(412, 103, 18, '2024-04-12', 'Completed'),
(413, 157, 9, '2024-04-12', 'Processing'),
(414, 279, 6, '2024-04-14', 'Completed'),
(415, 166, 5, '2024-04-16', 'Completed'),
(416, 194, 4, '2024-04-18', 'Completed'),
(417, 266, 19, '2024-04-19', 'Completed'),
(418, 2, 18, '2024-04-21', 'Completed'),
(419, 248, 8, '2024-04-21', 'Processing'),
(420, 78, 12, '2024-04-21', 'Pending'),
(421, 249, 3, '2024-04-22', 'Cancelled'),
(422, 287, 4, '2024-04-22', 'Shipped'),
(423, 224, 17, '2024-04-23', 'Completed'),
(424, 379, 17, '2024-04-23', 'Completed'),
(425, 401, 17, '2024-04-23', 'Completed'),
(426, 164, 14, '2024-04-23', 'Completed'),
(427, 238, 18, '2024-04-24', 'Completed'),
(428, 139, 11, '2024-04-24', 'Completed'),
(429, 32, 6, '2024-04-25', 'Completed'),
(430, 144, 4, '2024-04-25', 'Completed'),
(431, 279, 16, '2024-04-26', 'Completed'),
(432, 197, 12, '2024-04-27', 'Completed'),
(433, 456, 10, '2024-04-28', 'Completed'),
(434, 111, 14, '2024-04-28', 'Completed'),
(435, 46, 20, '2024-04-29', 'Completed'),
(436, 410, 20, '2024-04-29', 'Shipped'),
(437, 154, 3, '2024-04-29', 'Completed'),
(438, 445, 12, '2024-04-29', 'Cancelled'),
(439, 477, 9, '2024-04-30', 'Completed'),
(440, 116, 10, '2024-04-30', 'Completed'),
(441, 481, 16, '2024-04-30', 'Completed'),
(442, 495, 5, '2024-05-01', 'Completed'),
(443, 27, 4, '2024-05-05', 'Completed'),
(444, 463, 13, '2024-05-05', 'Processing'),
(445, 12, 6, '2024-05-05', 'Completed'),
(446, 422, 12, '2024-05-08', 'Completed'),
(447, 321, 19, '2024-05-08', 'Completed'),
(448, 467, 14, '2024-05-08', 'Processing'),
(449, 128, 9, '2024-05-08', 'Completed'),
(450, 420, 14, '2024-05-09', 'Completed'),
(451, 284, 9, '2024-05-10', 'Completed'),
(452, 483, 7, '2024-05-12', 'Shipped'),
(453, 453, 10, '2024-05-12', 'Completed'),
(454, 410, 6, '2024-05-14', 'Pending'),
(455, 496, 3, '2024-05-19', 'Completed'),
(456, 90, 14, '2024-05-19', 'Completed'),
(457, 75, 14, '2024-05-19', 'Completed'),
(458, 482, 20, '2024-05-20', 'Shipped'),
(459, 15, 1, '2024-05-21', 'Processing'),
(460, 409, 16, '2024-05-21', 'Processing'),
(461, 79, 19, '2024-05-21', 'Completed'),
(462, 44, 14, '2024-05-21', 'Cancelled'),
(463, 15, 11, '2024-05-22', 'Completed'),
(464, 49, 10, '2024-05-22', 'Shipped'),
(465, 71, 17, '2024-05-23', 'Shipped'),
(466, 39, 11, '2024-05-25', 'Completed'),
(467, 234, 17, '2024-05-26', 'Completed'),
(468, 490, 18, '2024-05-26', 'Completed'),
(469, 165, 3, '2024-05-26', 'Completed'),
(470, 407, 8, '2024-05-28', 'Processing'),
(471, 129, 2, '2024-05-29', 'Completed'),
(472, 132, 8, '2024-06-01', 'Completed'),
(473, 269, 14, '2024-06-01', 'Completed'),
(474, 461, 9, '2024-06-01', 'Pending'),
(475, 243, 4, '2024-06-02', 'Shipped'),
(476, 227, 9, '2024-06-02', 'Shipped'),
(477, 268, 5, '2024-06-02', 'Completed'),
(478, 324, 2, '2024-06-02', 'Pending'),
(479, 225, 13, '2024-06-02', 'Completed'),
(480, 65, 13, '2024-06-02', 'Completed'),
(481, 138, 20, '2024-06-02', 'Processing'),
(482, 248, 11, '2024-06-03', 'Completed'),
(483, 93, 8, '2024-06-03', 'Completed'),
(484, 451, 19, '2024-06-03', 'Cancelled'),
(485, 403, 18, '2024-06-03', 'Completed'),
(486, 219, 19, '2024-06-03', 'Completed'),
(487, 212, 13, '2024-06-04', 'Processing'),
(488, 486, 1, '2024-06-04', 'Cancelled'),
(489, 194, 19, '2024-06-04', 'Completed'),
(490, 141, 18, '2024-06-05', 'Completed'),
(491, 39, 2, '2024-06-05', 'Completed'),
(492, 407, 3, '2024-06-05', 'Cancelled'),
(493, 351, 19, '2024-06-05', 'Completed'),
(494, 414, 4, '2024-06-06', 'Completed'),
(495, 276, 20, '2024-06-06', 'Completed'),
(496, 64, 5, '2024-06-06', 'Completed'),
(497, 227, 14, '2024-06-06', 'Pending'),
(498, 60, 5, '2024-06-06', 'Completed'),
(499, 129, 5, '2024-06-06', 'Processing'),
(500, 1, 1, '2024-06-07', 'Completed');

INSERT INTO orders (order_id, customer_id, salesperson_id, order_date, order_status) VALUES
(501, 323, 5, '2024-06-07', 'Completed'),
(502, 94, 1, '2024-06-07', 'Completed'),
(503, 401, 7, '2024-06-08', 'Completed'),
(504, 371, 12, '2024-06-08', 'Pending'),
(505, 252, 15, '2024-06-09', 'Shipped'),
(506, 230, 2, '2024-06-10', 'Completed'),
(507, 353, 19, '2024-06-10', 'Cancelled'),
(508, 257, 8, '2024-06-10', 'Completed'),
(509, 405, 14, '2024-06-11', 'Completed'),
(510, 60, 6, '2024-06-11', 'Completed'),
(511, 166, 13, '2024-06-12', 'Pending'),
(512, 193, 11, '2024-06-12', 'Shipped'),
(513, 343, 17, '2024-06-13', 'Completed'),
(514, 79, 14, '2024-06-13', 'Cancelled'),
(515, 496, 1, '2024-06-13', 'Pending'),
(516, 358, 1, '2024-06-13', 'Completed'),
(517, 105, 4, '2024-06-14', 'Completed'),
(518, 415, 2, '2024-06-14', 'Processing'),
(519, 163, 4, '2024-06-14', 'Completed'),
(520, 38, 1, '2024-06-15', 'Completed'),
(521, 401, 8, '2024-06-16', 'Completed'),
(522, 420, 5, '2024-06-16', 'Shipped'),
(523, 15, 10, '2024-06-17', 'Completed'),
(524, 203, 17, '2024-06-17', 'Completed'),
(525, 83, 20, '2024-06-17', 'Completed'),
(526, 149, 15, '2024-06-17', 'Completed'),
(527, 73, 18, '2024-06-17', 'Completed'),
(528, 322, 11, '2024-06-18', 'Processing'),
(529, 75, 7, '2024-06-19', 'Completed'),
(530, 327, 8, '2024-06-19', 'Completed'),
(531, 441, 17, '2024-06-20', 'Pending'),
(532, 359, 4, '2024-06-20', 'Completed'),
(533, 145, 15, '2024-06-21', 'Completed'),
(534, 162, 5, '2024-06-21', 'Cancelled'),
(535, 269, 13, '2024-06-21', 'Cancelled'),
(536, 12, 16, '2024-06-21', 'Completed'),
(537, 480, 14, '2024-06-21', 'Shipped'),
(538, 174, 11, '2024-06-22', 'Completed'),
(539, 102, 17, '2024-06-22', 'Shipped'),
(540, 329, 17, '2024-06-22', 'Completed'),
(541, 469, 19, '2024-06-22', 'Completed'),
(542, 12, 4, '2024-06-23', 'Shipped'),
(543, 450, 5, '2024-06-23', 'Completed'),
(544, 83, 10, '2024-06-24', 'Pending'),
(545, 187, 6, '2024-06-24', 'Completed'),
(546, 8, 7, '2024-06-24', 'Completed'),
(547, 307, 9, '2024-06-24', 'Processing'),
(548, 239, 5, '2024-06-24', 'Completed'),
(549, 478, 13, '2024-06-24', 'Completed'),
(550, 393, 15, '2024-06-24', 'Completed'),
(551, 156, 5, '2024-06-25', 'Shipped'),
(552, 135, 6, '2024-06-25', 'Completed'),
(553, 496, 13, '2024-06-26', 'Completed'),
(554, 15, 6, '2024-06-26', 'Completed'),
(555, 40, 13, '2024-06-26', 'Completed'),
(556, 142, 13, '2024-06-27', 'Cancelled'),
(557, 265, 20, '2024-06-27', 'Completed'),
(558, 414, 6, '2024-06-27', 'Completed'),
(559, 426, 10, '2024-06-27', 'Completed'),
(560, 164, 13, '2024-06-28', 'Completed'),
(561, 336, 10, '2024-06-29', 'Processing'),
(562, 485, 2, '2024-06-29', 'Cancelled'),
(563, 478, 8, '2024-06-30', 'Completed'),
(564, 33, 16, '2024-07-01', 'Completed'),
(565, 318, 4, '2024-07-02', 'Completed'),
(566, 205, 15, '2024-07-03', 'Completed'),
(567, 70, 5, '2024-07-03', 'Completed'),
(568, 340, 19, '2024-07-04', 'Completed'),
(569, 118, 20, '2024-07-05', 'Completed'),
(570, 292, 6, '2024-07-05', 'Pending'),
(571, 437, 10, '2024-07-05', 'Completed'),
(572, 192, 19, '2024-07-06', 'Completed'),
(573, 213, 9, '2024-07-06', 'Shipped'),
(574, 60, 4, '2024-07-07', 'Completed'),
(575, 372, 7, '2024-07-07', 'Shipped'),
(576, 94, 10, '2024-07-08', 'Cancelled'),
(577, 487, 11, '2024-07-08', 'Completed'),
(578, 257, 14, '2024-07-10', 'Pending'),
(579, 313, 7, '2024-07-10', 'Completed'),
(580, 264, 10, '2024-07-12', 'Processing'),
(581, 420, 7, '2024-07-12', 'Completed'),
(582, 74, 14, '2024-07-12', 'Completed'),
(583, 229, 7, '2024-07-14', 'Pending'),
(584, 35, 13, '2024-07-14', 'Shipped'),
(585, 149, 13, '2024-07-14', 'Completed'),
(586, 327, 18, '2024-07-14', 'Completed'),
(587, 433, 19, '2024-07-14', 'Completed'),
(588, 25, 18, '2024-07-15', 'Completed'),
(589, 300, 4, '2024-07-15', 'Completed'),
(590, 420, 8, '2024-07-17', 'Shipped'),
(591, 297, 15, '2024-07-18', 'Completed'),
(592, 206, 15, '2024-07-19', 'Shipped'),
(593, 299, 19, '2024-07-20', 'Completed'),
(594, 476, 5, '2024-07-23', 'Completed'),
(595, 190, 7, '2024-07-24', 'Completed'),
(596, 159, 9, '2024-07-25', 'Completed'),
(597, 215, 12, '2024-07-26', 'Completed'),
(598, 338, 15, '2024-07-27', 'Shipped'),
(599, 179, 19, '2024-07-27', 'Completed'),
(600, 247, 19, '2024-07-31', 'Completed');

INSERT INTO orders (order_id, customer_id, salesperson_id, order_date, order_status) VALUES
(601, 269, 18, '2024-07-31', 'Processing'),
(602, 444, 10, '2024-07-31', 'Completed'),
(603, 190, 10, '2024-07-31', 'Completed'),
(604, 454, 7, '2024-08-01', 'Pending'),
(605, 236, 16, '2024-08-01', 'Completed'),
(606, 390, 13, '2024-08-02', 'Shipped'),
(607, 343, 2, '2024-08-02', 'Completed'),
(608, 259, 14, '2024-08-03', 'Completed'),
(609, 222, 19, '2024-08-03', 'Completed'),
(610, 460, 14, '2024-08-03', 'Completed'),
(611, 179, 14, '2024-08-05', 'Completed'),
(612, 271, 3, '2024-08-05', 'Completed'),
(613, 116, 11, '2024-08-06', 'Processing'),
(614, 162, 14, '2024-08-06', 'Shipped'),
(615, 87, 12, '2024-08-06', 'Pending'),
(616, 460, 18, '2024-08-07', 'Shipped'),
(617, 434, 2, '2024-08-07', 'Completed'),
(618, 31, 15, '2024-08-07', 'Completed'),
(619, 166, 9, '2024-08-09', 'Completed'),
(620, 418, 15, '2024-08-10', 'Completed'),
(621, 109, 1, '2024-08-12', 'Shipped'),
(622, 188, 5, '2024-08-12', 'Completed'),
(623, 13, 2, '2024-08-13', 'Completed'),
(624, 77, 10, '2024-08-14', 'Completed'),
(625, 23, 19, '2024-08-14', 'Processing'),
(626, 393, 4, '2024-08-15', 'Completed'),
(627, 422, 6, '2024-08-15', 'Completed'),
(628, 108, 17, '2024-08-16', 'Completed'),
(629, 471, 7, '2024-08-17', 'Completed'),
(630, 424, 7, '2024-08-17', 'Completed'),
(631, 293, 5, '2024-08-18', 'Completed'),
(632, 191, 15, '2024-08-19', 'Completed'),
(633, 318, 13, '2024-08-19', 'Completed'),
(634, 215, 10, '2024-08-19', 'Completed'),
(635, 152, 11, '2024-08-20', 'Completed'),
(636, 297, 6, '2024-08-20', 'Completed'),
(637, 16, 4, '2024-08-21', 'Completed'),
(638, 92, 3, '2024-08-21', 'Processing'),
(639, 354, 8, '2024-08-21', 'Pending'),
(640, 52, 7, '2024-08-21', 'Pending'),
(641, 201, 2, '2024-08-22', 'Completed'),
(642, 262, 8, '2024-08-22', 'Completed'),
(643, 232, 13, '2024-08-22', 'Processing'),
(644, 342, 11, '2024-08-22', 'Shipped'),
(645, 246, 16, '2024-08-23', 'Pending'),
(646, 163, 20, '2024-08-23', 'Completed'),
(647, 160, 16, '2024-08-24', 'Cancelled'),
(648, 418, 18, '2024-08-24', 'Pending'),
(649, 396, 4, '2024-08-24', 'Completed'),
(650, 487, 17, '2024-08-24', 'Completed'),
(651, 481, 16, '2024-08-24', 'Completed'),
(652, 64, 5, '2024-08-25', 'Completed'),
(653, 409, 11, '2024-08-26', 'Completed'),
(654, 293, 12, '2024-08-26', 'Processing'),
(655, 460, 1, '2024-08-26', 'Pending'),
(656, 250, 19, '2024-08-28', 'Completed'),
(657, 232, 4, '2024-08-28', 'Completed'),
(658, 36, 11, '2024-08-29', 'Processing'),
(659, 429, 5, '2024-08-29', 'Completed'),
(660, 55, 20, '2024-08-30', 'Completed'),
(661, 41, 20, '2024-08-30', 'Completed'),
(662, 277, 19, '2024-08-30', 'Processing'),
(663, 129, 1, '2024-08-31', 'Processing'),
(664, 424, 12, '2024-08-31', 'Completed'),
(665, 441, 13, '2024-09-04', 'Pending'),
(666, 224, 20, '2024-09-04', 'Completed'),
(667, 80, 10, '2024-09-05', 'Cancelled'),
(668, 406, 14, '2024-09-06', 'Completed'),
(669, 433, 19, '2024-09-07', 'Completed'),
(670, 457, 7, '2024-09-07', 'Completed'),
(671, 160, 16, '2024-09-07', 'Completed'),
(672, 239, 4, '2024-09-08', 'Completed'),
(673, 53, 6, '2024-09-10', 'Processing'),
(674, 305, 13, '2024-09-12', 'Pending'),
(675, 339, 7, '2024-09-12', 'Completed'),
(676, 360, 12, '2024-09-13', 'Completed'),
(677, 190, 14, '2024-09-13', 'Completed'),
(678, 416, 20, '2024-09-13', 'Cancelled'),
(679, 104, 6, '2024-09-14', 'Shipped'),
(680, 12, 9, '2024-09-14', 'Processing'),
(681, 91, 8, '2024-09-15', 'Processing'),
(682, 19, 13, '2024-09-16', 'Completed'),
(683, 121, 8, '2024-09-16', 'Shipped'),
(684, 93, 3, '2024-09-16', 'Shipped'),
(685, 335, 3, '2024-09-17', 'Processing'),
(686, 40, 8, '2024-09-19', 'Completed'),
(687, 91, 4, '2024-09-20', 'Pending'),
(688, 344, 6, '2024-09-20', 'Shipped'),
(689, 430, 11, '2024-09-21', 'Completed'),
(690, 104, 3, '2024-09-22', 'Pending'),
(691, 425, 20, '2024-09-23', 'Completed'),
(692, 3, 7, '2024-09-24', 'Completed'),
(693, 364, 11, '2024-09-24', 'Completed'),
(694, 406, 10, '2024-09-24', 'Pending'),
(695, 333, 10, '2024-09-24', 'Shipped'),
(696, 60, 4, '2024-09-25', 'Completed'),
(697, 381, 8, '2024-09-25', 'Cancelled'),
(698, 51, 1, '2024-09-25', 'Pending'),
(699, 136, 10, '2024-09-25', 'Completed'),
(700, 26, 9, '2024-09-27', 'Cancelled');

INSERT INTO orders (order_id, customer_id, salesperson_id, order_date, order_status) VALUES
(701, 325, 7, '2024-09-29', 'Completed'),
(702, 180, 18, '2024-09-30', 'Processing'),
(703, 413, 14, '2024-10-01', 'Completed'),
(704, 296, 2, '2024-10-01', 'Cancelled'),
(705, 343, 16, '2024-10-01', 'Processing'),
(706, 31, 9, '2024-10-02', 'Completed'),
(707, 307, 5, '2024-10-03', 'Completed'),
(708, 74, 20, '2024-10-03', 'Cancelled'),
(709, 492, 10, '2024-10-04', 'Completed'),
(710, 464, 10, '2024-10-04', 'Processing'),
(711, 53, 15, '2024-10-04', 'Completed'),
(712, 210, 3, '2024-10-06', 'Completed'),
(713, 85, 1, '2024-10-07', 'Completed'),
(714, 178, 16, '2024-10-07', 'Cancelled'),
(715, 150, 10, '2024-10-07', 'Completed'),
(716, 472, 5, '2024-10-07', 'Completed'),
(717, 107, 7, '2024-10-08', 'Completed'),
(718, 37, 14, '2024-10-08', 'Pending'),
(719, 283, 5, '2024-10-10', 'Completed'),
(720, 274, 1, '2024-10-10', 'Completed'),
(721, 467, 17, '2024-10-11', 'Processing'),
(722, 476, 15, '2024-10-11', 'Completed'),
(723, 178, 15, '2024-10-11', 'Shipped'),
(724, 366, 18, '2024-10-12', 'Completed'),
(725, 256, 7, '2024-10-12', 'Processing'),
(726, 218, 15, '2024-10-17', 'Shipped'),
(727, 402, 16, '2024-10-17', 'Completed'),
(728, 325, 15, '2024-10-18', 'Completed'),
(729, 359, 20, '2024-10-18', 'Cancelled'),
(730, 31, 17, '2024-10-19', 'Completed'),
(731, 475, 15, '2024-10-21', 'Completed'),
(732, 414, 9, '2024-10-22', 'Cancelled'),
(733, 352, 11, '2024-10-22', 'Cancelled'),
(734, 450, 2, '2024-10-22', 'Completed'),
(735, 46, 2, '2024-10-23', 'Completed'),
(736, 211, 19, '2024-10-23', 'Completed'),
(737, 61, 1, '2024-10-24', 'Completed'),
(738, 436, 8, '2024-10-24', 'Completed'),
(739, 471, 13, '2024-10-24', 'Shipped'),
(740, 232, 5, '2024-10-25', 'Shipped'),
(741, 244, 2, '2024-10-26', 'Processing'),
(742, 397, 4, '2024-10-28', 'Completed'),
(743, 77, 13, '2024-10-28', 'Pending'),
(744, 212, 20, '2024-10-29', 'Completed'),
(745, 212, 10, '2024-10-29', 'Completed'),
(746, 140, 5, '2024-10-29', 'Completed'),
(747, 220, 11, '2024-10-29', 'Completed'),
(748, 12, 13, '2024-10-30', 'Shipped'),
(749, 1, 9, '2024-10-30', 'Completed'),
(750, 43, 19, '2024-10-30', 'Processing'),
(751, 237, 6, '2024-10-31', 'Processing'),
(752, 254, 12, '2024-10-31', 'Completed'),
(753, 150, 2, '2024-11-01', 'Completed'),
(754, 178, 19, '2024-11-02', 'Processing'),
(755, 69, 12, '2024-11-02', 'Pending'),
(756, 188, 14, '2024-11-03', 'Pending'),
(757, 452, 19, '2024-11-03', 'Cancelled'),
(758, 190, 20, '2024-11-04', 'Cancelled'),
(759, 17, 5, '2024-11-04', 'Shipped'),
(760, 385, 8, '2024-11-04', 'Shipped'),
(761, 166, 6, '2024-11-05', 'Shipped'),
(762, 287, 13, '2024-11-05', 'Cancelled'),
(763, 500, 13, '2024-11-05', 'Pending'),
(764, 86, 2, '2024-11-05', 'Processing'),
(765, 422, 19, '2024-11-06', 'Processing'),
(766, 235, 1, '2024-11-06', 'Shipped'),
(767, 408, 9, '2024-11-07', 'Shipped'),
(768, 87, 14, '2024-11-07', 'Processing'),
(769, 302, 6, '2024-11-07', 'Shipped'),
(770, 140, 7, '2024-11-07', 'Completed'),
(771, 123, 17, '2024-11-08', 'Shipped'),
(772, 293, 1, '2024-11-08', 'Completed'),
(773, 143, 10, '2024-11-08', 'Cancelled'),
(774, 154, 18, '2024-11-08', 'Completed'),
(775, 276, 20, '2024-11-09', 'Completed'),
(776, 208, 18, '2024-11-09', 'Completed'),
(777, 450, 1, '2024-11-09', 'Pending'),
(778, 262, 5, '2024-11-10', 'Processing'),
(779, 377, 9, '2024-11-10', 'Shipped'),
(780, 439, 19, '2024-11-12', 'Processing'),
(781, 245, 2, '2024-11-12', 'Cancelled'),
(782, 91, 2, '2024-11-12', 'Shipped'),
(783, 40, 4, '2024-11-13', 'Processing'),
(784, 51, 7, '2024-11-14', 'Cancelled'),
(785, 91, 3, '2024-11-14', 'Pending'),
(786, 11, 19, '2024-11-14', 'Completed'),
(787, 49, 19, '2024-11-15', 'Cancelled'),
(788, 450, 7, '2024-11-15', 'Shipped'),
(789, 165, 13, '2024-11-16', 'Pending'),
(790, 211, 3, '2024-11-16', 'Cancelled'),
(791, 330, 12, '2024-11-16', 'Processing'),
(792, 173, 19, '2024-11-17', 'Cancelled'),
(793, 462, 12, '2024-11-17', 'Completed'),
(794, 286, 2, '2024-11-18', 'Completed'),
(795, 353, 17, '2024-11-18', 'Cancelled'),
(796, 19, 3, '2024-11-18', 'Pending'),
(797, 392, 15, '2024-11-18', 'Shipped'),
(798, 165, 9, '2024-11-19', 'Shipped'),
(799, 145, 15, '2024-11-19', 'Cancelled'),
(800, 233, 1, '2024-11-19', 'Completed');

INSERT INTO orders (order_id, customer_id, salesperson_id, order_date, order_status) VALUES
(801, 372, 7, '2024-11-19', 'Shipped'),
(802, 1, 14, '2024-11-19', 'Completed'),
(803, 352, 12, '2024-11-19', 'Cancelled'),
(804, 38, 13, '2024-11-19', 'Shipped'),
(805, 240, 9, '2024-11-19', 'Cancelled'),
(806, 222, 17, '2024-11-20', 'Cancelled'),
(807, 133, 20, '2024-11-21', 'Shipped'),
(808, 460, 11, '2024-11-21', 'Shipped'),
(809, 93, 13, '2024-11-21', 'Completed'),
(810, 258, 11, '2024-11-21', 'Processing'),
(811, 242, 2, '2024-11-22', 'Shipped'),
(812, 211, 19, '2024-11-22', 'Shipped'),
(813, 499, 2, '2024-11-22', 'Completed'),
(814, 307, 14, '2024-11-22', 'Completed'),
(815, 120, 6, '2024-11-23', 'Shipped'),
(816, 399, 5, '2024-11-23', 'Processing'),
(817, 93, 7, '2024-11-23', 'Pending'),
(818, 81, 6, '2024-11-23', 'Completed'),
(819, 402, 3, '2024-11-23', 'Completed'),
(820, 1, 3, '2024-11-24', 'Completed'),
(821, 123, 12, '2024-11-25', 'Pending'),
(822, 9, 20, '2024-11-25', 'Completed'),
(823, 430, 19, '2024-11-25', 'Shipped'),
(824, 8, 10, '2024-11-26', 'Pending'),
(825, 234, 13, '2024-11-26', 'Shipped'),
(826, 121, 5, '2024-11-26', 'Shipped'),
(827, 351, 8, '2024-11-27', 'Processing'),
(828, 124, 20, '2024-11-28', 'Shipped'),
(829, 136, 6, '2024-11-28', 'Cancelled'),
(830, 88, 7, '2024-11-29', 'Pending'),
(831, 245, 14, '2024-11-29', 'Pending'),
(832, 228, 5, '2024-11-29', 'Pending'),
(833, 324, 14, '2024-11-29', 'Completed'),
(834, 260, 3, '2024-11-29', 'Pending'),
(835, 443, 7, '2024-11-30', 'Completed'),
(836, 11, 8, '2024-11-30', 'Processing'),
(837, 35, 15, '2024-11-30', 'Pending'),
(838, 144, 5, '2024-12-01', 'Processing'),
(839, 443, 5, '2024-12-01', 'Pending'),
(840, 278, 7, '2024-12-01', 'Shipped'),
(841, 4, 12, '2024-12-01', 'Processing'),
(842, 81, 4, '2024-12-02', 'Cancelled'),
(843, 369, 19, '2024-12-02', 'Shipped'),
(844, 28, 3, '2024-12-02', 'Shipped'),
(845, 115, 11, '2024-12-02', 'Completed'),
(846, 84, 17, '2024-12-03', 'Pending'),
(847, 399, 10, '2024-12-03', 'Completed'),
(848, 52, 3, '2024-12-03', 'Processing'),
(849, 165, 18, '2024-12-03', 'Shipped'),
(850, 402, 16, '2024-12-03', 'Completed'),
(851, 235, 4, '2024-12-03', 'Cancelled'),
(852, 225, 4, '2024-12-03', 'Shipped'),
(853, 218, 2, '2024-12-04', 'Completed'),
(854, 436, 7, '2024-12-04', 'Cancelled'),
(855, 158, 10, '2024-12-04', 'Pending'),
(856, 354, 17, '2024-12-04', 'Processing'),
(857, 185, 4, '2024-12-04', 'Completed'),
(858, 94, 10, '2024-12-05', 'Processing'),
(859, 61, 18, '2024-12-05', 'Processing'),
(860, 139, 5, '2024-12-05', 'Shipped'),
(861, 89, 10, '2024-12-05', 'Pending'),
(862, 334, 9, '2024-12-05', 'Shipped'),
(863, 205, 8, '2024-12-06', 'Cancelled'),
(864, 433, 15, '2024-12-06', 'Pending'),
(865, 56, 11, '2024-12-06', 'Pending'),
(866, 304, 14, '2024-12-06', 'Completed'),
(867, 45, 13, '2024-12-06', 'Pending'),
(868, 25, 10, '2024-12-07', 'Cancelled'),
(869, 281, 1, '2024-12-07', 'Cancelled'),
(870, 64, 10, '2024-12-07', 'Shipped'),
(871, 251, 11, '2024-12-07', 'Shipped'),
(872, 478, 12, '2024-12-07', 'Pending'),
(873, 150, 13, '2024-12-07', 'Pending'),
(874, 449, 11, '2024-12-08', 'Cancelled'),
(875, 288, 3, '2024-12-08', 'Cancelled'),
(876, 468, 19, '2024-12-09', 'Processing'),
(877, 358, 10, '2024-12-09', 'Processing'),
(878, 117, 2, '2024-12-09', 'Completed'),
(879, 115, 18, '2024-12-09', 'Cancelled'),
(880, 213, 14, '2024-12-09', 'Shipped'),
(881, 198, 7, '2024-12-09', 'Shipped'),
(882, 490, 5, '2024-12-09', 'Pending'),
(883, 448, 19, '2024-12-10', 'Processing'),
(884, 186, 8, '2024-12-10', 'Shipped'),
(885, 19, 4, '2024-12-10', 'Shipped'),
(886, 177, 10, '2024-12-10', 'Cancelled'),
(887, 10, 20, '2024-12-11', 'Cancelled'),
(888, 387, 5, '2024-12-11', 'Completed'),
(889, 290, 10, '2024-12-11', 'Pending'),
(890, 88, 16, '2024-12-11', 'Completed'),
(891, 221, 8, '2024-12-11', 'Pending'),
(892, 244, 12, '2024-12-12', 'Shipped'),
(893, 133, 4, '2024-12-12', 'Cancelled'),
(894, 41, 6, '2024-12-12', 'Processing'),
(895, 438, 1, '2024-12-13', 'Cancelled'),
(896, 52, 18, '2024-12-14', 'Pending'),
(897, 459, 5, '2024-12-14', 'Completed'),
(898, 213, 19, '2024-12-14', 'Cancelled'),
(899, 444, 10, '2024-12-14', 'Processing'),
(900, 402, 2, '2024-12-15', 'Processing');

INSERT INTO orders (order_id, customer_id, salesperson_id, order_date, order_status) VALUES
(901, 392, 4, '2024-12-15', 'Completed'),
(902, 18, 20, '2024-12-15', 'Pending'),
(903, 359, 20, '2024-12-15', 'Pending'),
(904, 456, 18, '2024-12-15', 'Processing'),
(905, 45, 9, '2024-12-15', 'Shipped'),
(906, 183, 11, '2024-12-16', 'Processing'),
(907, 130, 7, '2024-12-16', 'Cancelled'),
(908, 291, 17, '2024-12-16', 'Shipped'),
(909, 136, 17, '2024-12-16', 'Completed'),
(910, 462, 19, '2024-12-16', 'Shipped'),
(911, 448, 14, '2024-12-17', 'Cancelled'),
(912, 406, 13, '2024-12-17', 'Shipped'),
(913, 440, 9, '2024-12-17', 'Completed'),
(914, 16, 9, '2024-12-17', 'Cancelled'),
(915, 182, 12, '2024-12-18', 'Completed'),
(916, 388, 4, '2024-12-18', 'Cancelled'),
(917, 175, 4, '2024-12-18', 'Processing'),
(918, 461, 1, '2024-12-18', 'Shipped'),
(919, 321, 6, '2024-12-18', 'Shipped'),
(920, 80, 4, '2024-12-18', 'Shipped'),
(921, 344, 18, '2024-12-18', 'Cancelled'),
(922, 272, 10, '2024-12-19', 'Completed'),
(923, 136, 14, '2024-12-19', 'Shipped'),
(924, 122, 3, '2024-12-19', 'Completed'),
(925, 357, 1, '2024-12-19', 'Cancelled'),
(926, 462, 17, '2024-12-19', 'Completed'),
(927, 346, 12, '2024-12-20', 'Pending'),
(928, 380, 12, '2024-12-20', 'Processing'),
(929, 431, 4, '2024-12-20', 'Cancelled'),
(930, 126, 8, '2024-12-20', 'Processing'),
(931, 241, 10, '2024-12-20', 'Completed'),
(932, 369, 15, '2024-12-20', 'Pending'),
(933, 115, 10, '2024-12-21', 'Shipped'),
(934, 334, 20, '2024-12-21', 'Processing'),
(935, 446, 17, '2024-12-21', 'Cancelled'),
(936, 149, 19, '2024-12-21', 'Completed'),
(937, 284, 7, '2024-12-21', 'Cancelled'),
(938, 388, 10, '2024-12-22', 'Cancelled'),
(939, 110, 11, '2024-12-22', 'Pending'),
(940, 92, 1, '2024-12-22', 'Cancelled'),
(941, 17, 12, '2024-12-22', 'Cancelled'),
(942, 200, 15, '2024-12-22', 'Processing'),
(943, 193, 15, '2024-12-22', 'Processing'),
(944, 51, 18, '2024-12-22', 'Cancelled'),
(945, 133, 8, '2024-12-23', 'Shipped'),
(946, 421, 14, '2024-12-23', 'Processing'),
(947, 192, 6, '2024-12-23', 'Cancelled'),
(948, 443, 12, '2024-12-23', 'Cancelled'),
(949, 126, 4, '2024-12-23', 'Pending'),
(950, 204, 19, '2024-12-24', 'Processing'),
(951, 51, 20, '2024-12-24', 'Cancelled'),
(952, 278, 1, '2024-12-24', 'Pending'),
(953, 366, 6, '2024-12-24', 'Cancelled'),
(954, 399, 16, '2024-12-24', 'Cancelled'),
(955, 388, 15, '2024-12-24', 'Processing'),
(956, 269, 9, '2024-12-24', 'Cancelled'),
(957, 9, 15, '2024-12-24', 'Processing'),
(958, 36, 8, '2024-12-25', 'Completed'),
(959, 110, 3, '2024-12-25', 'Completed'),
(960, 347, 5, '2024-12-25', 'Cancelled'),
(961, 334, 1, '2024-12-26', 'Completed'),
(962, 324, 3, '2024-12-26', 'Processing'),
(963, 443, 20, '2024-12-26', 'Processing'),
(964, 296, 8, '2024-12-26', 'Cancelled'),
(965, 142, 13, '2024-12-26', 'Shipped'),
(966, 412, 13, '2024-12-26', 'Cancelled'),
(967, 309, 5, '2024-12-26', 'Completed'),
(968, 295, 4, '2024-12-26', 'Shipped'),
(969, 51, 18, '2024-12-27', 'Pending'),
(970, 385, 5, '2024-12-27', 'Cancelled'),
(971, 233, 20, '2024-12-27', 'Pending'),
(972, 298, 6, '2024-12-28', 'Processing'),
(973, 219, 9, '2024-12-28', 'Cancelled'),
(974, 117, 6, '2024-12-28', 'Shipped'),
(975, 443, 5, '2024-12-28', 'Shipped'),
(976, 137, 9, '2024-12-28', 'Processing'),
(977, 204, 8, '2024-12-28', 'Shipped'),
(978, 105, 13, '2024-12-28', 'Processing'),
(979, 119, 3, '2024-12-28', 'Cancelled'),
(980, 304, 3, '2024-12-28', 'Cancelled'),
(981, 471, 19, '2024-12-29', 'Pending'),
(982, 355, 14, '2024-12-29', 'Pending'),
(983, 189, 9, '2024-12-29', 'Processing'),
(984, 355, 3, '2024-12-29', 'Shipped'),
(985, 462, 19, '2024-12-29', 'Processing'),
(986, 81, 3, '2024-12-29', 'Completed'),
(987, 306, 16, '2024-12-29', 'Cancelled'),
(988, 256, 10, '2024-12-29', 'Processing'),
(989, 295, 6, '2024-12-30', 'Cancelled'),
(990, 213, 5, '2024-12-30', 'Pending'),
(991, 389, 12, '2024-12-30', 'Pending'),
(992, 227, 4, '2024-12-30', 'Completed'),
(993, 282, 13, '2024-12-30', 'Processing'),
(994, 233, 16, '2024-12-30', 'Processing'),
(995, 60, 2, '2024-12-30', 'Shipped'),
(996, 331, 6, '2024-12-30', 'Processing'),
(997, 284, 16, '2024-12-30', 'Shipped'),
(998, 44, 6, '2024-12-31', 'Pending'),
(999, 473, 20, '2024-12-31', 'Pending'),
(1000, 143, 16, '2024-12-31', 'Completed');

-- ============================================
-- Table: order_items
-- ============================================
CREATE TABLE order_items (
  order_item_id INT AUTO_INCREMENT PRIMARY KEY,
  order_id INT NOT NULL,
  product_id INT NOT NULL,
  quantity INT NOT NULL DEFAULT 1,
  unit_price DECIMAL(10,2) NOT NULL,
  discount DECIMAL(5,2) DEFAULT 0.00,
  line_total DECIMAL(12,2) NOT NULL,
  FOREIGN KEY (order_id) REFERENCES orders(order_id),
  FOREIGN KEY (product_id) REFERENCES products(product_id)
) ENGINE=InnoDB;

INSERT INTO order_items (order_item_id, order_id, product_id, quantity, unit_price, discount, line_total) VALUES
(1, 1, 48, 2, 44.99, 0, 89.98),
(2, 1, 43, 2, 349.99, 0, 699.98),
(3, 1, 40, 2, 39.99, 2, 78.38),
(4, 2, 1, 1, 79.99, 0, 79.99),
(5, 2, 24, 1, 14.99, 1, 14.84),
(6, 3, 17, 1, 27.99, 0, 27.99),
(7, 4, 16, 1, 159.99, 0, 159.99),
(8, 5, 17, 1, 27.99, 0, 27.99),
(9, 6, 43, 1, 349.99, 0, 349.99),
(10, 7, 43, 1, 349.99, 0, 349.99),
(11, 7, 15, 1, 39.99, 0, 39.99),
(12, 7, 10, 2, 149.99, 0, 299.98),
(13, 7, 28, 8, 49.99, 0, 399.92),
(14, 8, 43, 1, 349.99, 0, 349.99),
(15, 8, 17, 2, 27.99, 14, 48.14),
(16, 9, 27, 1, 34.99, 0, 34.99),
(17, 10, 46, 1, 249.99, 16, 209.99),
(18, 11, 41, 3, 12.99, 12, 34.29),
(19, 11, 39, 2, 54.99, 0, 109.98),
(20, 11, 4, 2, 49.99, 0, 99.98),
(21, 12, 36, 1, 34.99, 16, 29.39),
(22, 12, 47, 1, 19.99, 19, 16.19),
(23, 12, 41, 1, 12.99, 15, 11.04),
(24, 13, 16, 2, 159.99, 0, 319.98),
(25, 14, 32, 1, 69.99, 15, 59.49),
(26, 15, 11, 1, 34.99, 3, 33.94),
(27, 15, 1, 1, 79.99, 15, 67.99),
(28, 15, 30, 1, 22.99, 5, 21.84),
(29, 15, 7, 2, 24.99, 18, 40.98),
(30, 15, 26, 1, 19.99, 0, 19.99),
(31, 16, 49, 1, 249.99, 0, 249.99),
(32, 16, 31, 1, 24.99, 0, 24.99),
(33, 16, 14, 2, 44.99, 0, 89.98),
(34, 17, 47, 3, 19.99, 0, 59.97),
(35, 17, 36, 3, 34.99, 15, 89.22),
(36, 18, 47, 1, 19.99, 0, 19.99),
(37, 18, 9, 1, 64.99, 13, 56.54),
(38, 19, 47, 2, 19.99, 0, 39.98),
(39, 19, 38, 2, 19.99, 0, 39.98),
(40, 19, 42, 1, 24.99, 0, 24.99),
(41, 19, 10, 1, 149.99, 2, 146.99),
(42, 20, 41, 1, 12.99, 0, 12.99),
(43, 20, 15, 1, 39.99, 0, 39.99),
(44, 21, 14, 1, 44.99, 0, 44.99),
(45, 22, 41, 1, 12.99, 0, 12.99),
(46, 22, 27, 1, 34.99, 9, 31.84),
(47, 23, 17, 1, 27.99, 7, 26.03),
(48, 23, 41, 1, 12.99, 0, 12.99),
(49, 23, 32, 1, 69.99, 0, 69.99),
(50, 24, 21, 1, 179.99, 19, 145.79),
(51, 25, 38, 2, 19.99, 1, 39.58),
(52, 25, 9, 1, 64.99, 0, 64.99),
(53, 26, 49, 3, 249.99, 0, 749.97),
(54, 26, 18, 1, 34.99, 0, 34.99),
(55, 27, 39, 3, 54.99, 14, 141.87),
(56, 27, 48, 2, 44.99, 0, 89.98),
(57, 28, 17, 1, 27.99, 0, 27.99),
(58, 28, 1, 2, 79.99, 17, 132.78),
(59, 28, 49, 2, 249.99, 0, 499.98),
(60, 29, 4, 2, 49.99, 0, 99.98),
(61, 30, 31, 3, 24.99, 0, 74.97),
(62, 31, 7, 3, 24.99, 0, 74.97),
(63, 32, 13, 1, 199.99, 0, 199.99),
(64, 32, 38, 1, 19.99, 0, 19.99),
(65, 33, 34, 3, 79.99, 0, 239.97),
(66, 33, 43, 1, 349.99, 0, 349.99),
(67, 34, 25, 2, 29.99, 0, 59.98),
(68, 35, 23, 3, 59.99, 0, 179.97),
(69, 35, 26, 2, 19.99, 0, 39.98),
(70, 35, 7, 1, 24.99, 1, 24.74),
(71, 36, 21, 1, 179.99, 0, 179.99),
(72, 36, 38, 1, 19.99, 0, 19.99),
(73, 36, 35, 1, 14.99, 8, 13.79),
(74, 37, 29, 1, 59.99, 0, 59.99),
(75, 37, 5, 1, 129.99, 0, 129.99),
(76, 37, 50, 1, 34.99, 0, 34.99),
(77, 38, 10, 1, 149.99, 0, 149.99),
(78, 38, 49, 2, 249.99, 0, 499.98),
(79, 38, 22, 1, 89.99, 0, 89.99),
(80, 39, 27, 2, 34.99, 0, 69.98),
(81, 39, 8, 1, 89.99, 4, 86.39),
(82, 40, 13, 1, 199.99, 4, 191.99),
(83, 40, 36, 2, 34.99, 15, 59.48),
(84, 41, 31, 2, 24.99, 0, 49.98),
(85, 41, 5, 2, 129.99, 0, 259.98),
(86, 41, 26, 1, 19.99, 0, 19.99),
(87, 41, 17, 1, 27.99, 0, 27.99),
(88, 42, 9, 1, 64.99, 0, 64.99),
(89, 43, 25, 1, 29.99, 0, 29.99),
(90, 43, 9, 2, 64.99, 0, 129.98),
(91, 44, 44, 1, 89.99, 0, 89.99),
(92, 44, 6, 1, 39.99, 0, 39.99),
(93, 45, 5, 1, 129.99, 0, 129.99),
(94, 45, 31, 1, 24.99, 0, 24.99),
(95, 46, 14, 2, 44.99, 0, 89.98),
(96, 47, 4, 3, 49.99, 0, 149.97),
(97, 47, 19, 1, 44.99, 14, 38.69),
(98, 48, 50, 2, 34.99, 18, 57.38),
(99, 49, 20, 4, 199.99, 0, 799.96),
(100, 50, 23, 1, 59.99, 0, 59.99);

INSERT INTO order_items (order_item_id, order_id, product_id, quantity, unit_price, discount, line_total) VALUES
(101, 50, 11, 2, 34.99, 0, 69.98),
(102, 50, 32, 1, 69.99, 1, 69.29),
(103, 50, 35, 2, 14.99, 0, 29.98),
(104, 51, 40, 1, 39.99, 0, 39.99),
(105, 52, 44, 2, 89.99, 0, 179.98),
(106, 52, 37, 2, 44.99, 0, 89.98),
(107, 53, 18, 1, 34.99, 4, 33.59),
(108, 53, 1, 1, 79.99, 0, 79.99),
(109, 54, 31, 1, 24.99, 0, 24.99),
(110, 54, 7, 1, 24.99, 5, 23.74),
(111, 55, 21, 2, 179.99, 14, 309.58),
(112, 56, 6, 2, 39.99, 12, 70.38),
(113, 56, 45, 1, 29.99, 0, 29.99),
(114, 57, 49, 1, 249.99, 8, 229.99),
(115, 58, 23, 1, 59.99, 0, 59.99),
(116, 58, 7, 2, 24.99, 0, 49.98),
(117, 59, 10, 1, 149.99, 2, 146.99),
(118, 59, 28, 1, 49.99, 0, 49.99),
(119, 60, 9, 1, 64.99, 0, 64.99),
(120, 60, 19, 6, 44.99, 0, 269.94),
(121, 61, 48, 3, 44.99, 4, 129.57),
(122, 62, 25, 1, 29.99, 0, 29.99),
(123, 62, 6, 1, 39.99, 0, 39.99),
(124, 63, 49, 1, 249.99, 0, 249.99),
(125, 63, 15, 1, 39.99, 7, 37.19),
(126, 63, 46, 1, 249.99, 14, 214.99),
(127, 63, 39, 2, 54.99, 0, 109.98),
(128, 64, 21, 3, 179.99, 0, 539.97),
(129, 65, 40, 1, 39.99, 0, 39.99),
(130, 65, 15, 1, 39.99, 0, 39.99),
(131, 66, 23, 1, 59.99, 15, 50.99),
(132, 67, 41, 2, 12.99, 0, 25.98),
(133, 67, 33, 1, 18.99, 0, 18.99),
(134, 67, 2, 1, 899.99, 0, 899.99),
(135, 67, 16, 3, 159.99, 0, 479.97),
(136, 68, 23, 1, 59.99, 0, 59.99),
(137, 69, 45, 1, 29.99, 0, 29.99),
(138, 69, 21, 3, 179.99, 0, 539.97),
(139, 69, 12, 1, 29.99, 0, 29.99),
(140, 70, 26, 1, 19.99, 0, 19.99),
(141, 70, 22, 1, 89.99, 0, 89.99),
(142, 70, 1, 1, 79.99, 3, 77.59),
(143, 71, 21, 7, 179.99, 0, 1259.93),
(144, 71, 42, 2, 24.99, 18, 40.98),
(145, 72, 26, 3, 19.99, 0, 59.97),
(146, 73, 25, 1, 29.99, 0, 29.99),
(147, 74, 37, 2, 44.99, 11, 80.08),
(148, 75, 13, 3, 199.99, 0, 599.97),
(149, 75, 15, 1, 39.99, 14, 34.39),
(150, 76, 50, 1, 34.99, 0, 34.99),
(151, 77, 7, 3, 24.99, 0, 74.97),
(152, 78, 14, 1, 44.99, 0, 44.99),
(153, 78, 11, 1, 34.99, 0, 34.99),
(154, 79, 45, 1, 29.99, 0, 29.99),
(155, 80, 15, 2, 39.99, 16, 67.18),
(156, 80, 7, 1, 24.99, 0, 24.99),
(157, 80, 49, 1, 249.99, 0, 249.99),
(158, 81, 1, 1, 79.99, 0, 79.99),
(159, 81, 48, 1, 44.99, 0, 44.99),
(160, 81, 19, 2, 44.99, 0, 89.98),
(161, 81, 39, 2, 54.99, 3, 106.68),
(162, 82, 23, 3, 59.99, 3, 174.57),
(163, 82, 2, 1, 899.99, 0, 899.99),
(164, 82, 7, 2, 24.99, 5, 47.48),
(165, 82, 13, 1, 199.99, 3, 193.99),
(166, 83, 5, 2, 129.99, 0, 259.98),
(167, 83, 2, 1, 899.99, 17, 746.99),
(168, 83, 50, 1, 34.99, 6, 32.89),
(169, 83, 33, 6, 18.99, 0, 113.94),
(170, 84, 11, 2, 34.99, 0, 69.98),
(171, 84, 27, 1, 34.99, 17, 29.04),
(172, 85, 44, 2, 89.99, 0, 179.98),
(173, 86, 40, 3, 39.99, 0, 119.97),
(174, 87, 11, 2, 34.99, 0, 69.98),
(175, 88, 20, 1, 199.99, 0, 199.99),
(176, 88, 4, 1, 49.99, 0, 49.99),
(177, 88, 5, 1, 129.99, 0, 129.99),
(178, 88, 11, 1, 34.99, 10, 31.49),
(179, 89, 30, 1, 22.99, 0, 22.99),
(180, 90, 47, 3, 19.99, 0, 59.97),
(181, 90, 6, 2, 39.99, 0, 79.98),
(182, 91, 12, 1, 29.99, 10, 26.99),
(183, 91, 6, 1, 39.99, 0, 39.99),
(184, 91, 30, 2, 22.99, 10, 41.38),
(185, 92, 5, 1, 129.99, 14, 111.79),
(186, 93, 37, 1, 44.99, 0, 44.99),
(187, 94, 49, 2, 249.99, 0, 499.98),
(188, 95, 39, 4, 54.99, 0, 219.96),
(189, 96, 10, 1, 149.99, 0, 149.99),
(190, 96, 32, 1, 69.99, 0, 69.99),
(191, 96, 14, 1, 44.99, 9, 40.94),
(192, 97, 26, 1, 19.99, 0, 19.99),
(193, 98, 13, 1, 199.99, 0, 199.99),
(194, 98, 38, 1, 19.99, 0, 19.99),
(195, 99, 32, 3, 69.99, 0, 209.97),
(196, 99, 41, 3, 12.99, 0, 38.97),
(197, 99, 14, 1, 44.99, 0, 44.99),
(198, 100, 26, 1, 19.99, 0, 19.99),
(199, 101, 23, 1, 59.99, 0, 59.99),
(200, 102, 39, 2, 54.99, 0, 109.98);

INSERT INTO order_items (order_item_id, order_id, product_id, quantity, unit_price, discount, line_total) VALUES
(201, 102, 20, 1, 199.99, 0, 199.99),
(202, 102, 26, 2, 19.99, 0, 39.98),
(203, 103, 39, 1, 54.99, 12, 48.39),
(204, 104, 4, 2, 49.99, 0, 99.98),
(205, 104, 6, 1, 39.99, 0, 39.99),
(206, 104, 28, 1, 49.99, 0, 49.99),
(207, 105, 42, 2, 24.99, 0, 49.98),
(208, 105, 11, 1, 34.99, 0, 34.99),
(209, 106, 10, 1, 149.99, 0, 149.99),
(210, 107, 30, 1, 22.99, 0, 22.99),
(211, 107, 14, 3, 44.99, 0, 134.97),
(212, 107, 11, 1, 34.99, 0, 34.99),
(213, 107, 6, 1, 39.99, 0, 39.99),
(214, 108, 21, 2, 179.99, 0, 359.98),
(215, 109, 14, 3, 44.99, 0, 134.97),
(216, 109, 22, 2, 89.99, 0, 179.98),
(217, 110, 42, 2, 24.99, 2, 48.98),
(218, 110, 32, 2, 69.99, 0, 139.98),
(219, 111, 16, 1, 159.99, 0, 159.99),
(220, 112, 26, 1, 19.99, 0, 19.99),
(221, 112, 24, 1, 14.99, 8, 13.79),
(222, 113, 28, 2, 49.99, 0, 99.98),
(223, 114, 24, 1, 14.99, 3, 14.54),
(224, 115, 12, 6, 29.99, 15, 152.95),
(225, 115, 11, 3, 34.99, 0, 104.97),
(226, 115, 33, 2, 18.99, 0, 37.98),
(227, 116, 8, 1, 89.99, 0, 89.99),
(228, 117, 39, 1, 54.99, 0, 54.99),
(229, 118, 5, 2, 129.99, 0, 259.98),
(230, 118, 36, 1, 34.99, 13, 30.44),
(231, 118, 40, 1, 39.99, 0, 39.99),
(232, 118, 9, 1, 64.99, 0, 64.99),
(233, 118, 3, 1, 1249.99, 0, 1249.99),
(234, 119, 15, 8, 39.99, 0, 319.92),
(235, 119, 22, 2, 89.99, 16, 151.18),
(236, 120, 10, 2, 149.99, 0, 299.98),
(237, 120, 2, 1, 899.99, 0, 899.99),
(238, 121, 28, 2, 49.99, 0, 99.98),
(239, 121, 19, 2, 44.99, 0, 89.98),
(240, 121, 13, 2, 199.99, 0, 399.98),
(241, 122, 48, 1, 44.99, 0, 44.99),
(242, 123, 46, 4, 249.99, 0, 999.96),
(243, 123, 10, 5, 149.99, 0, 749.95),
(244, 124, 9, 1, 64.99, 16, 54.59),
(245, 125, 42, 1, 24.99, 0, 24.99),
(246, 126, 25, 2, 29.99, 0, 59.98),
(247, 126, 1, 2, 79.99, 0, 159.98),
(248, 126, 8, 2, 89.99, 0, 179.98),
(249, 126, 7, 3, 24.99, 7, 69.72),
(250, 127, 48, 1, 44.99, 19, 36.44),
(251, 127, 8, 2, 89.99, 0, 179.98),
(252, 127, 16, 2, 159.99, 0, 319.98),
(253, 128, 34, 2, 79.99, 4, 153.58),
(254, 129, 20, 2, 199.99, 0, 399.98),
(255, 129, 8, 8, 89.99, 0, 719.92),
(256, 130, 16, 2, 159.99, 0, 319.98),
(257, 130, 49, 1, 249.99, 0, 249.99),
(258, 130, 15, 6, 39.99, 13, 208.75),
(259, 131, 22, 1, 89.99, 0, 89.99),
(260, 131, 44, 1, 89.99, 5, 85.49),
(261, 131, 49, 1, 249.99, 0, 249.99),
(262, 132, 6, 1, 39.99, 0, 39.99),
(263, 132, 48, 1, 44.99, 19, 36.44),
(264, 133, 21, 1, 179.99, 0, 179.99),
(265, 134, 2, 1, 899.99, 0, 899.99),
(266, 135, 14, 1, 44.99, 0, 44.99),
(267, 136, 14, 3, 44.99, 0, 134.97),
(268, 137, 16, 1, 159.99, 0, 159.99),
(269, 137, 19, 1, 44.99, 13, 39.14),
(270, 138, 20, 1, 199.99, 0, 199.99),
(271, 138, 30, 3, 22.99, 0, 68.97),
(272, 139, 22, 1, 89.99, 19, 72.89),
(273, 139, 38, 1, 19.99, 0, 19.99),
(274, 139, 20, 3, 199.99, 0, 599.97),
(275, 139, 10, 2, 149.99, 0, 299.98),
(276, 140, 41, 1, 12.99, 0, 12.99),
(277, 140, 46, 1, 249.99, 0, 249.99),
(278, 140, 14, 2, 44.99, 0, 89.98),
(279, 141, 2, 3, 899.99, 0, 2699.97),
(280, 141, 11, 1, 34.99, 0, 34.99),
(281, 141, 5, 1, 129.99, 0, 129.99),
(282, 141, 15, 1, 39.99, 8, 36.79),
(283, 142, 10, 1, 149.99, 0, 149.99),
(284, 142, 29, 2, 59.99, 4, 115.18),
(285, 143, 16, 2, 159.99, 16, 268.78),
(286, 143, 39, 1, 54.99, 0, 54.99),
(287, 144, 31, 1, 24.99, 0, 24.99),
(288, 145, 44, 1, 89.99, 0, 89.99),
(289, 146, 20, 7, 199.99, 0, 1399.93),
(290, 146, 48, 1, 44.99, 0, 44.99),
(291, 147, 4, 2, 49.99, 0, 99.98),
(292, 147, 7, 2, 24.99, 15, 42.48),
(293, 148, 28, 1, 49.99, 0, 49.99),
(294, 149, 26, 1, 19.99, 0, 19.99),
(295, 149, 29, 1, 59.99, 0, 59.99),
(296, 150, 34, 1, 79.99, 14, 68.79),
(297, 151, 38, 1, 19.99, 9, 18.19),
(298, 152, 26, 3, 19.99, 2, 58.77),
(299, 152, 46, 1, 249.99, 0, 249.99),
(300, 153, 24, 2, 14.99, 0, 29.98);

INSERT INTO order_items (order_item_id, order_id, product_id, quantity, unit_price, discount, line_total) VALUES
(301, 153, 17, 1, 27.99, 0, 27.99),
(302, 154, 14, 1, 44.99, 0, 44.99),
(303, 155, 41, 2, 12.99, 0, 25.98),
(304, 156, 47, 1, 19.99, 0, 19.99),
(305, 157, 42, 1, 24.99, 0, 24.99),
(306, 157, 8, 3, 89.99, 0, 269.97),
(307, 157, 26, 2, 19.99, 0, 39.98),
(308, 157, 37, 1, 44.99, 0, 44.99),
(309, 157, 33, 1, 18.99, 11, 16.9),
(310, 158, 14, 2, 44.99, 11, 80.08),
(311, 159, 8, 1, 89.99, 0, 89.99),
(312, 159, 47, 1, 19.99, 0, 19.99),
(313, 160, 33, 3, 18.99, 0, 56.97),
(314, 160, 24, 2, 14.99, 0, 29.98),
(315, 160, 49, 1, 249.99, 0, 249.99),
(316, 160, 14, 2, 44.99, 7, 83.68),
(317, 161, 39, 2, 54.99, 18, 90.18),
(318, 161, 23, 1, 59.99, 0, 59.99),
(319, 161, 49, 1, 249.99, 0, 249.99),
(320, 161, 24, 1, 14.99, 9, 13.64),
(321, 162, 49, 1, 249.99, 11, 222.49),
(322, 162, 13, 2, 199.99, 0, 399.98),
(323, 162, 35, 2, 14.99, 0, 29.98),
(324, 162, 16, 1, 159.99, 10, 143.99),
(325, 163, 27, 1, 34.99, 0, 34.99),
(326, 163, 37, 3, 44.99, 0, 134.97),
(327, 163, 26, 2, 19.99, 0, 39.98),
(328, 164, 41, 1, 12.99, 7, 12.08),
(329, 164, 14, 1, 44.99, 11, 40.04),
(330, 165, 28, 1, 49.99, 17, 41.49),
(331, 166, 34, 1, 79.99, 0, 79.99),
(332, 167, 18, 1, 34.99, 15, 29.74),
(333, 168, 1, 1, 79.99, 0, 79.99),
(334, 168, 47, 1, 19.99, 0, 19.99),
(335, 169, 26, 1, 19.99, 19, 16.19),
(336, 169, 12, 1, 29.99, 3, 29.09),
(337, 169, 45, 1, 29.99, 0, 29.99),
(338, 170, 46, 1, 249.99, 0, 249.99),
(339, 170, 1, 1, 79.99, 5, 75.99),
(340, 171, 7, 1, 24.99, 0, 24.99),
(341, 171, 41, 1, 12.99, 2, 12.73),
(342, 172, 12, 1, 29.99, 0, 29.99),
(343, 172, 28, 2, 49.99, 0, 99.98),
(344, 172, 33, 1, 18.99, 0, 18.99),
(345, 173, 15, 1, 39.99, 10, 35.99),
(346, 174, 28, 1, 49.99, 14, 42.99),
(347, 174, 6, 1, 39.99, 0, 39.99),
(348, 175, 16, 1, 159.99, 0, 159.99),
(349, 175, 11, 1, 34.99, 0, 34.99),
(350, 175, 30, 1, 22.99, 18, 18.85),
(351, 176, 10, 2, 149.99, 18, 245.98),
(352, 176, 24, 2, 14.99, 0, 29.98),
(353, 176, 35, 1, 14.99, 12, 13.19),
(354, 177, 48, 2, 44.99, 0, 89.98),
(355, 178, 50, 1, 34.99, 0, 34.99),
(356, 178, 20, 2, 199.99, 0, 399.98),
(357, 178, 46, 2, 249.99, 0, 499.98),
(358, 179, 49, 1, 249.99, 0, 249.99),
(359, 180, 20, 2, 199.99, 0, 399.98),
(360, 180, 33, 3, 18.99, 7, 52.98),
(361, 180, 9, 3, 64.99, 5, 185.22),
(362, 181, 37, 1, 44.99, 0, 44.99),
(363, 181, 38, 1, 19.99, 3, 19.39),
(364, 181, 30, 5, 22.99, 0, 114.95),
(365, 182, 38, 3, 19.99, 0, 59.97),
(366, 182, 50, 1, 34.99, 0, 34.99),
(367, 182, 29, 2, 59.99, 0, 119.98),
(368, 183, 4, 1, 49.99, 11, 44.49),
(369, 184, 3, 1, 1249.99, 0, 1249.99),
(370, 184, 22, 1, 89.99, 11, 80.09),
(371, 184, 40, 1, 39.99, 0, 39.99),
(372, 184, 13, 1, 199.99, 0, 199.99),
(373, 184, 6, 1, 39.99, 0, 39.99),
(374, 185, 15, 1, 39.99, 0, 39.99),
(375, 186, 50, 2, 34.99, 0, 69.98),
(376, 187, 30, 1, 22.99, 0, 22.99),
(377, 188, 30, 1, 22.99, 0, 22.99),
(378, 188, 26, 2, 19.99, 0, 39.98),
(379, 189, 46, 2, 249.99, 0, 499.98),
(380, 190, 20, 2, 199.99, 0, 399.98),
(381, 191, 3, 1, 1249.99, 0, 1249.99),
(382, 191, 37, 2, 44.99, 0, 89.98),
(383, 192, 35, 2, 14.99, 16, 25.18),
(384, 192, 20, 1, 199.99, 0, 199.99),
(385, 193, 46, 2, 249.99, 1, 494.98),
(386, 194, 43, 3, 349.99, 0, 1049.97),
(387, 195, 20, 2, 199.99, 12, 351.98),
(388, 195, 29, 1, 59.99, 0, 59.99),
(389, 195, 2, 1, 899.99, 18, 737.99),
(390, 196, 17, 1, 27.99, 14, 24.07),
(391, 196, 34, 1, 79.99, 0, 79.99),
(392, 196, 43, 2, 349.99, 0, 699.98),
(393, 196, 32, 1, 69.99, 0, 69.99),
(394, 197, 43, 1, 349.99, 0, 349.99),
(395, 198, 38, 1, 19.99, 0, 19.99),
(396, 198, 49, 1, 249.99, 0, 249.99),
(397, 199, 43, 3, 349.99, 0, 1049.97),
(398, 199, 50, 1, 34.99, 0, 34.99),
(399, 199, 27, 1, 34.99, 0, 34.99),
(400, 199, 2, 1, 899.99, 0, 899.99);

INSERT INTO order_items (order_item_id, order_id, product_id, quantity, unit_price, discount, line_total) VALUES
(401, 199, 47, 1, 19.99, 0, 19.99),
(402, 200, 7, 1, 24.99, 13, 21.74),
(403, 200, 27, 3, 34.99, 16, 88.17),
(404, 200, 35, 7, 14.99, 0, 104.93),
(405, 201, 34, 1, 79.99, 5, 75.99),
(406, 202, 27, 1, 34.99, 0, 34.99),
(407, 203, 2, 1, 899.99, 0, 899.99),
(408, 204, 25, 1, 29.99, 0, 29.99),
(409, 204, 16, 1, 159.99, 0, 159.99),
(410, 205, 45, 1, 29.99, 12, 26.39),
(411, 205, 46, 2, 249.99, 0, 499.98),
(412, 206, 11, 1, 34.99, 0, 34.99),
(413, 207, 20, 2, 199.99, 0, 399.98),
(414, 207, 41, 3, 12.99, 0, 38.97),
(415, 208, 41, 1, 12.99, 18, 10.65),
(416, 208, 13, 1, 199.99, 0, 199.99),
(417, 209, 27, 1, 34.99, 0, 34.99),
(418, 210, 2, 2, 899.99, 11, 1601.98),
(419, 210, 5, 1, 129.99, 0, 129.99),
(420, 211, 12, 2, 29.99, 0, 59.98),
(421, 212, 21, 2, 179.99, 0, 359.98),
(422, 213, 27, 1, 34.99, 0, 34.99),
(423, 214, 43, 2, 349.99, 18, 573.98),
(424, 214, 32, 1, 69.99, 0, 69.99),
(425, 214, 5, 2, 129.99, 0, 259.98),
(426, 214, 2, 1, 899.99, 0, 899.99),
(427, 215, 4, 2, 49.99, 0, 99.98),
(428, 215, 43, 1, 349.99, 18, 286.99),
(429, 215, 9, 1, 64.99, 0, 64.99),
(430, 216, 48, 1, 44.99, 4, 43.19),
(431, 217, 30, 1, 22.99, 17, 19.08),
(432, 217, 13, 1, 199.99, 0, 199.99),
(433, 217, 39, 6, 54.99, 7, 306.84),
(434, 218, 19, 1, 44.99, 11, 40.04),
(435, 218, 40, 3, 39.99, 2, 117.57),
(436, 219, 2, 2, 899.99, 0, 1799.98),
(437, 219, 45, 2, 29.99, 0, 59.98),
(438, 220, 44, 2, 89.99, 12, 158.38),
(439, 220, 19, 7, 44.99, 0, 314.93),
(440, 221, 35, 3, 14.99, 12, 39.57),
(441, 221, 13, 3, 199.99, 18, 491.98),
(442, 221, 45, 2, 29.99, 0, 59.98),
(443, 221, 38, 1, 19.99, 0, 19.99),
(444, 222, 40, 1, 39.99, 4, 38.39),
(445, 223, 23, 1, 59.99, 14, 51.59),
(446, 224, 43, 2, 349.99, 0, 699.98),
(447, 224, 30, 1, 22.99, 0, 22.99),
(448, 225, 3, 2, 1249.99, 0, 2499.98),
(449, 225, 28, 1, 49.99, 4, 47.99),
(450, 225, 4, 1, 49.99, 0, 49.99),
(451, 226, 46, 2, 249.99, 0, 499.98),
(452, 226, 25, 3, 29.99, 0, 89.97),
(453, 227, 35, 2, 14.99, 0, 29.98),
(454, 227, 4, 1, 49.99, 0, 49.99),
(455, 228, 27, 1, 34.99, 0, 34.99),
(456, 228, 39, 1, 54.99, 0, 54.99),
(457, 228, 36, 7, 34.99, 0, 244.93),
(458, 229, 6, 1, 39.99, 0, 39.99),
(459, 230, 10, 1, 149.99, 0, 149.99),
(460, 231, 42, 1, 24.99, 9, 22.74),
(461, 232, 31, 8, 24.99, 0, 199.92),
(462, 232, 48, 2, 44.99, 0, 89.98),
(463, 232, 16, 1, 159.99, 16, 134.39),
(464, 233, 40, 2, 39.99, 14, 68.78),
(465, 233, 48, 2, 44.99, 0, 89.98),
(466, 234, 18, 1, 34.99, 0, 34.99),
(467, 234, 31, 1, 24.99, 0, 24.99),
(468, 235, 27, 1, 34.99, 0, 34.99),
(469, 235, 19, 2, 44.99, 0, 89.98),
(470, 235, 11, 2, 34.99, 0, 69.98),
(471, 236, 10, 2, 149.99, 15, 254.98),
(472, 236, 8, 1, 89.99, 9, 81.89),
(473, 237, 30, 2, 22.99, 0, 45.98),
(474, 238, 15, 1, 39.99, 0, 39.99),
(475, 239, 16, 3, 159.99, 0, 479.97),
(476, 239, 48, 1, 44.99, 0, 44.99),
(477, 240, 49, 2, 249.99, 0, 499.98),
(478, 241, 38, 2, 19.99, 0, 39.98),
(479, 241, 7, 1, 24.99, 0, 24.99),
(480, 241, 37, 1, 44.99, 15, 38.24),
(481, 242, 46, 1, 249.99, 0, 249.99),
(482, 242, 30, 3, 22.99, 3, 66.9),
(483, 242, 27, 2, 34.99, 0, 69.98),
(484, 243, 34, 1, 79.99, 0, 79.99),
(485, 244, 8, 2, 89.99, 0, 179.98),
(486, 244, 30, 1, 22.99, 0, 22.99),
(487, 244, 45, 1, 29.99, 0, 29.99),
(488, 244, 7, 1, 24.99, 0, 24.99),
(489, 244, 18, 1, 34.99, 0, 34.99),
(490, 245, 4, 1, 49.99, 4, 47.99),
(491, 246, 47, 2, 19.99, 0, 39.98),
(492, 247, 8, 3, 89.99, 0, 269.97),
(493, 248, 3, 2, 1249.99, 0, 2499.98),
(494, 248, 14, 3, 44.99, 0, 134.97),
(495, 249, 27, 1, 34.99, 0, 34.99),
(496, 250, 41, 1, 12.99, 2, 12.73),
(497, 251, 15, 1, 39.99, 5, 37.99),
(498, 251, 25, 1, 29.99, 0, 29.99),
(499, 252, 34, 1, 79.99, 7, 74.39),
(500, 253, 5, 1, 129.99, 0, 129.99);

INSERT INTO order_items (order_item_id, order_id, product_id, quantity, unit_price, discount, line_total) VALUES
(501, 253, 24, 1, 14.99, 10, 13.49),
(502, 253, 29, 1, 59.99, 3, 58.19),
(503, 253, 27, 1, 34.99, 0, 34.99),
(504, 253, 18, 2, 34.99, 0, 69.98),
(505, 254, 8, 3, 89.99, 15, 229.47),
(506, 255, 37, 3, 44.99, 16, 113.37),
(507, 256, 24, 3, 14.99, 0, 44.97),
(508, 256, 48, 2, 44.99, 0, 89.98),
(509, 256, 11, 6, 34.99, 0, 209.94),
(510, 257, 9, 1, 64.99, 0, 64.99),
(511, 258, 30, 3, 22.99, 2, 67.59),
(512, 258, 21, 1, 179.99, 0, 179.99),
(513, 258, 14, 1, 44.99, 11, 40.04),
(514, 259, 2, 2, 899.99, 0, 1799.98),
(515, 260, 31, 2, 24.99, 0, 49.98),
(516, 260, 39, 1, 54.99, 0, 54.99),
(517, 261, 42, 1, 24.99, 0, 24.99),
(518, 261, 33, 1, 18.99, 0, 18.99),
(519, 262, 36, 1, 34.99, 0, 34.99),
(520, 263, 5, 1, 129.99, 10, 116.99),
(521, 264, 10, 1, 149.99, 0, 149.99),
(522, 264, 6, 1, 39.99, 17, 33.19),
(523, 264, 8, 2, 89.99, 12, 158.38),
(524, 265, 21, 2, 179.99, 0, 359.98),
(525, 266, 46, 1, 249.99, 0, 249.99),
(526, 266, 8, 1, 89.99, 0, 89.99),
(527, 266, 5, 1, 129.99, 0, 129.99),
(528, 266, 9, 1, 64.99, 1, 64.34),
(529, 267, 18, 2, 34.99, 0, 69.98),
(530, 268, 49, 1, 249.99, 0, 249.99),
(531, 268, 5, 1, 129.99, 0, 129.99),
(532, 269, 22, 1, 89.99, 0, 89.99),
(533, 270, 17, 3, 27.99, 0, 83.97),
(534, 270, 23, 2, 59.99, 20, 95.98),
(535, 271, 34, 1, 79.99, 0, 79.99),
(536, 271, 19, 1, 44.99, 0, 44.99),
(537, 272, 2, 3, 899.99, 0, 2699.97),
(538, 273, 6, 1, 39.99, 0, 39.99),
(539, 273, 22, 2, 89.99, 0, 179.98),
(540, 274, 42, 6, 24.99, 0, 149.94),
(541, 275, 5, 2, 129.99, 0, 259.98),
(542, 275, 39, 2, 54.99, 16, 92.38),
(543, 276, 2, 1, 899.99, 0, 899.99),
(544, 277, 8, 2, 89.99, 0, 179.98),
(545, 277, 26, 1, 19.99, 8, 18.39),
(546, 277, 45, 2, 29.99, 0, 59.98),
(547, 278, 2, 1, 899.99, 16, 755.99),
(548, 279, 21, 1, 179.99, 0, 179.99),
(549, 280, 21, 1, 179.99, 4, 172.79),
(550, 280, 7, 2, 24.99, 16, 41.98),
(551, 280, 3, 1, 1249.99, 3, 1212.49),
(552, 281, 21, 2, 179.99, 7, 334.78),
(553, 281, 37, 1, 44.99, 5, 42.74),
(554, 281, 30, 1, 22.99, 0, 22.99),
(555, 282, 26, 3, 19.99, 0, 59.97),
(556, 282, 29, 1, 59.99, 4, 57.59),
(557, 282, 12, 2, 29.99, 13, 52.18),
(558, 282, 8, 2, 89.99, 0, 179.98),
(559, 283, 22, 1, 89.99, 0, 89.99),
(560, 283, 26, 2, 19.99, 16, 33.58),
(561, 283, 2, 1, 899.99, 6, 845.99),
(562, 284, 3, 3, 1249.99, 0, 3749.97),
(563, 285, 26, 4, 19.99, 0, 79.96),
(564, 286, 45, 1, 29.99, 0, 29.99),
(565, 286, 10, 1, 149.99, 0, 149.99),
(566, 287, 23, 3, 59.99, 0, 179.97),
(567, 288, 34, 3, 79.99, 18, 196.78),
(568, 289, 24, 1, 14.99, 19, 12.14),
(569, 290, 28, 1, 49.99, 0, 49.99),
(570, 291, 4, 1, 49.99, 14, 42.99),
(571, 291, 18, 2, 34.99, 0, 69.98),
(572, 291, 26, 1, 19.99, 6, 18.79),
(573, 291, 3, 1, 1249.99, 0, 1249.99),
(574, 291, 46, 2, 249.99, 0, 499.98),
(575, 292, 34, 1, 79.99, 5, 75.99),
(576, 292, 3, 1, 1249.99, 0, 1249.99),
(577, 292, 4, 1, 49.99, 0, 49.99),
(578, 293, 43, 3, 349.99, 0, 1049.97),
(579, 294, 23, 1, 59.99, 0, 59.99),
(580, 294, 20, 3, 199.99, 13, 521.97),
(581, 295, 5, 1, 129.99, 6, 122.19),
(582, 296, 23, 2, 59.99, 7, 111.58),
(583, 296, 49, 3, 249.99, 0, 749.97),
(584, 297, 11, 3, 34.99, 0, 104.97),
(585, 297, 14, 2, 44.99, 0, 89.98),
(586, 298, 5, 2, 129.99, 7, 241.78),
(587, 298, 7, 1, 24.99, 0, 24.99),
(588, 299, 10, 1, 149.99, 0, 149.99),
(589, 299, 32, 2, 69.99, 3, 135.78),
(590, 299, 20, 1, 199.99, 0, 199.99),
(591, 299, 13, 2, 199.99, 0, 399.98),
(592, 299, 35, 1, 14.99, 2, 14.69),
(593, 300, 45, 2, 29.99, 0, 59.98),
(594, 300, 8, 3, 89.99, 0, 269.97),
(595, 300, 34, 1, 79.99, 0, 79.99),
(596, 300, 46, 1, 249.99, 8, 229.99),
(597, 301, 2, 1, 899.99, 11, 800.99),
(598, 302, 13, 1, 199.99, 0, 199.99),
(599, 303, 5, 1, 129.99, 0, 129.99),
(600, 303, 20, 3, 199.99, 5, 569.97);

INSERT INTO order_items (order_item_id, order_id, product_id, quantity, unit_price, discount, line_total) VALUES
(601, 303, 37, 1, 44.99, 0, 44.99),
(602, 304, 49, 3, 249.99, 20, 599.98),
(603, 305, 7, 1, 24.99, 0, 24.99),
(604, 305, 48, 1, 44.99, 11, 40.04),
(605, 306, 48, 1, 44.99, 0, 44.99),
(606, 307, 47, 1, 19.99, 0, 19.99),
(607, 307, 4, 1, 49.99, 0, 49.99),
(608, 308, 9, 1, 64.99, 0, 64.99),
(609, 309, 12, 3, 29.99, 0, 89.97),
(610, 310, 23, 1, 59.99, 0, 59.99),
(611, 311, 47, 2, 19.99, 11, 35.58),
(612, 311, 18, 1, 34.99, 4, 33.59),
(613, 311, 38, 1, 19.99, 0, 19.99),
(614, 312, 12, 1, 29.99, 0, 29.99),
(615, 312, 1, 1, 79.99, 4, 76.79),
(616, 313, 18, 1, 34.99, 12, 30.79),
(617, 313, 49, 1, 249.99, 0, 249.99),
(618, 313, 37, 1, 44.99, 0, 44.99),
(619, 314, 34, 1, 79.99, 19, 64.79),
(620, 314, 5, 1, 129.99, 18, 106.59),
(621, 315, 49, 1, 249.99, 0, 249.99),
(622, 315, 16, 1, 159.99, 0, 159.99),
(623, 316, 13, 1, 199.99, 9, 181.99),
(624, 316, 24, 1, 14.99, 0, 14.99),
(625, 317, 27, 2, 34.99, 0, 69.98),
(626, 318, 48, 1, 44.99, 0, 44.99),
(627, 319, 49, 2, 249.99, 13, 434.98),
(628, 319, 43, 1, 349.99, 0, 349.99),
(629, 320, 16, 2, 159.99, 7, 297.58),
(630, 321, 6, 2, 39.99, 0, 79.98),
(631, 321, 11, 1, 34.99, 0, 34.99),
(632, 321, 36, 1, 34.99, 8, 32.19),
(633, 321, 15, 2, 39.99, 0, 79.98),
(634, 321, 12, 2, 29.99, 0, 59.98),
(635, 322, 41, 1, 12.99, 15, 11.04),
(636, 323, 25, 6, 29.99, 0, 179.94),
(637, 323, 1, 1, 79.99, 0, 79.99),
(638, 324, 6, 1, 39.99, 0, 39.99),
(639, 325, 28, 3, 49.99, 0, 149.97),
(640, 326, 34, 1, 79.99, 0, 79.99),
(641, 326, 39, 1, 54.99, 0, 54.99),
(642, 327, 23, 2, 59.99, 0, 119.98),
(643, 327, 3, 1, 1249.99, 0, 1249.99),
(644, 327, 30, 1, 22.99, 0, 22.99),
(645, 328, 49, 3, 249.99, 0, 749.97),
(646, 329, 42, 1, 24.99, 0, 24.99),
(647, 329, 29, 1, 59.99, 0, 59.99),
(648, 329, 38, 1, 19.99, 3, 19.39),
(649, 330, 7, 1, 24.99, 0, 24.99),
(650, 331, 33, 1, 18.99, 0, 18.99),
(651, 332, 46, 1, 249.99, 0, 249.99),
(652, 332, 10, 1, 149.99, 0, 149.99),
(653, 333, 43, 3, 349.99, 19, 850.48),
(654, 334, 3, 3, 1249.99, 20, 2999.98),
(655, 334, 18, 2, 34.99, 0, 69.98),
(656, 335, 39, 1, 54.99, 0, 54.99),
(657, 335, 26, 1, 19.99, 8, 18.39),
(658, 336, 2, 3, 899.99, 1, 2672.97),
(659, 336, 39, 2, 54.99, 10, 98.98),
(660, 337, 26, 1, 19.99, 0, 19.99),
(661, 337, 44, 2, 89.99, 0, 179.98),
(662, 338, 26, 2, 19.99, 0, 39.98),
(663, 338, 31, 6, 24.99, 0, 149.94),
(664, 338, 10, 1, 149.99, 5, 142.49),
(665, 339, 35, 1, 14.99, 0, 14.99),
(666, 340, 31, 1, 24.99, 6, 23.49),
(667, 340, 34, 1, 79.99, 0, 79.99),
(668, 340, 37, 1, 44.99, 13, 39.14),
(669, 341, 5, 3, 129.99, 0, 389.97),
(670, 341, 42, 2, 24.99, 18, 40.98),
(671, 342, 13, 1, 199.99, 0, 199.99),
(672, 342, 43, 2, 349.99, 0, 699.98),
(673, 343, 47, 1, 19.99, 0, 19.99),
(674, 343, 12, 2, 29.99, 16, 50.38),
(675, 343, 27, 1, 34.99, 0, 34.99),
(676, 344, 32, 1, 69.99, 5, 66.49),
(677, 345, 27, 2, 34.99, 0, 69.98),
(678, 346, 28, 1, 49.99, 0, 49.99),
(679, 347, 14, 7, 44.99, 0, 314.93),
(680, 348, 46, 3, 249.99, 0, 749.97),
(681, 348, 41, 2, 12.99, 10, 23.38),
(682, 348, 18, 1, 34.99, 5, 33.24),
(683, 349, 33, 1, 18.99, 0, 18.99),
(684, 349, 26, 2, 19.99, 6, 37.58),
(685, 350, 35, 3, 14.99, 0, 44.97),
(686, 351, 37, 1, 44.99, 9, 40.94),
(687, 351, 3, 1, 1249.99, 5, 1187.49),
(688, 351, 25, 1, 29.99, 1, 29.69),
(689, 352, 30, 1, 22.99, 0, 22.99),
(690, 352, 43, 1, 349.99, 0, 349.99),
(691, 352, 33, 1, 18.99, 0, 18.99),
(692, 353, 39, 1, 54.99, 0, 54.99),
(693, 353, 24, 7, 14.99, 0, 104.93),
(694, 354, 39, 1, 54.99, 0, 54.99),
(695, 354, 42, 1, 24.99, 14, 21.49),
(696, 354, 23, 1, 59.99, 17, 49.79),
(697, 354, 33, 1, 18.99, 20, 15.19),
(698, 355, 15, 1, 39.99, 0, 39.99),
(699, 355, 35, 1, 14.99, 0, 14.99),
(700, 356, 23, 1, 59.99, 0, 59.99);

INSERT INTO order_items (order_item_id, order_id, product_id, quantity, unit_price, discount, line_total) VALUES
(701, 357, 42, 1, 24.99, 9, 22.74),
(702, 357, 16, 1, 159.99, 0, 159.99),
(703, 358, 9, 1, 64.99, 0, 64.99),
(704, 358, 26, 3, 19.99, 0, 59.97),
(705, 358, 19, 1, 44.99, 0, 44.99),
(706, 359, 33, 1, 18.99, 0, 18.99),
(707, 359, 46, 2, 249.99, 16, 419.98),
(708, 360, 41, 2, 12.99, 0, 25.98),
(709, 361, 6, 1, 39.99, 0, 39.99),
(710, 361, 2, 1, 899.99, 16, 755.99),
(711, 361, 23, 1, 59.99, 20, 47.99),
(712, 362, 28, 2, 49.99, 10, 89.98),
(713, 363, 31, 2, 24.99, 0, 49.98),
(714, 363, 48, 2, 44.99, 19, 72.88),
(715, 363, 17, 2, 27.99, 0, 55.98),
(716, 363, 12, 1, 29.99, 0, 29.99),
(717, 364, 6, 2, 39.99, 0, 79.98),
(718, 365, 14, 1, 44.99, 9, 40.94),
(719, 365, 40, 1, 39.99, 17, 33.19),
(720, 366, 19, 3, 44.99, 0, 134.97),
(721, 366, 39, 1, 54.99, 0, 54.99),
(722, 367, 38, 1, 19.99, 0, 19.99),
(723, 368, 40, 1, 39.99, 0, 39.99),
(724, 369, 8, 1, 89.99, 0, 89.99),
(725, 369, 39, 1, 54.99, 6, 51.69),
(726, 369, 14, 1, 44.99, 3, 43.64),
(727, 369, 13, 1, 199.99, 0, 199.99),
(728, 370, 12, 2, 29.99, 17, 49.78),
(729, 370, 33, 1, 18.99, 17, 15.76),
(730, 370, 22, 2, 89.99, 0, 179.98),
(731, 370, 6, 1, 39.99, 0, 39.99),
(732, 371, 36, 1, 34.99, 0, 34.99),
(733, 371, 5, 1, 129.99, 0, 129.99),
(734, 372, 13, 1, 199.99, 0, 199.99),
(735, 372, 17, 2, 27.99, 0, 55.98),
(736, 372, 8, 3, 89.99, 0, 269.97),
(737, 373, 23, 1, 59.99, 0, 59.99),
(738, 374, 18, 1, 34.99, 0, 34.99),
(739, 374, 8, 2, 89.99, 0, 179.98),
(740, 374, 42, 2, 24.99, 0, 49.98),
(741, 375, 50, 1, 34.99, 0, 34.99),
(742, 376, 19, 2, 44.99, 0, 89.98),
(743, 377, 12, 1, 29.99, 0, 29.99),
(744, 377, 11, 1, 34.99, 0, 34.99),
(745, 377, 20, 1, 199.99, 16, 167.99),
(746, 378, 16, 1, 159.99, 0, 159.99),
(747, 379, 50, 2, 34.99, 0, 69.98),
(748, 379, 8, 2, 89.99, 0, 179.98),
(749, 379, 19, 2, 44.99, 5, 85.48),
(750, 380, 30, 1, 22.99, 3, 22.3),
(751, 380, 22, 1, 89.99, 0, 89.99),
(752, 381, 41, 1, 12.99, 10, 11.69),
(753, 381, 29, 1, 59.99, 0, 59.99),
(754, 382, 44, 1, 89.99, 3, 87.29),
(755, 383, 47, 2, 19.99, 0, 39.98),
(756, 384, 37, 1, 44.99, 0, 44.99),
(757, 384, 1, 1, 79.99, 0, 79.99),
(758, 385, 47, 2, 19.99, 0, 39.98),
(759, 385, 25, 2, 29.99, 0, 59.98),
(760, 386, 50, 3, 34.99, 0, 104.97),
(761, 386, 1, 2, 79.99, 6, 150.38),
(762, 386, 31, 3, 24.99, 15, 63.72),
(763, 386, 15, 1, 39.99, 0, 39.99),
(764, 387, 42, 2, 24.99, 0, 49.98),
(765, 387, 47, 1, 19.99, 14, 17.19),
(766, 388, 17, 2, 27.99, 1, 55.42),
(767, 389, 42, 1, 24.99, 19, 20.24),
(768, 389, 23, 1, 59.99, 10, 53.99),
(769, 389, 43, 1, 349.99, 0, 349.99),
(770, 390, 17, 2, 27.99, 0, 55.98),
(771, 391, 41, 2, 12.99, 0, 25.98),
(772, 391, 42, 1, 24.99, 0, 24.99),
(773, 391, 16, 2, 159.99, 0, 319.98),
(774, 391, 27, 3, 34.99, 11, 93.42),
(775, 392, 49, 1, 249.99, 1, 247.49),
(776, 393, 10, 1, 149.99, 19, 121.49),
(777, 393, 43, 1, 349.99, 0, 349.99),
(778, 394, 46, 2, 249.99, 0, 499.98),
(779, 394, 50, 1, 34.99, 8, 32.19),
(780, 395, 13, 2, 199.99, 0, 399.98),
(781, 395, 28, 3, 49.99, 0, 149.97),
(782, 396, 6, 5, 39.99, 0, 199.95),
(783, 396, 9, 1, 64.99, 0, 64.99),
(784, 397, 42, 1, 24.99, 0, 24.99),
(785, 397, 18, 1, 34.99, 6, 32.89),
(786, 398, 30, 2, 22.99, 0, 45.98),
(787, 398, 15, 1, 39.99, 0, 39.99),
(788, 399, 40, 1, 39.99, 0, 39.99),
(789, 399, 11, 2, 34.99, 0, 69.98),
(790, 399, 8, 1, 89.99, 0, 89.99),
(791, 400, 29, 6, 59.99, 0, 359.94),
(792, 400, 15, 2, 39.99, 0, 79.98),
(793, 400, 40, 2, 39.99, 0, 79.98),
(794, 401, 50, 3, 34.99, 0, 104.97),
(795, 401, 40, 2, 39.99, 0, 79.98),
(796, 402, 6, 2, 39.99, 0, 79.98),
(797, 402, 18, 1, 34.99, 0, 34.99),
(798, 402, 21, 2, 179.99, 0, 359.98),
(799, 403, 16, 3, 159.99, 0, 479.97),
(800, 403, 44, 2, 89.99, 0, 179.98);

INSERT INTO order_items (order_item_id, order_id, product_id, quantity, unit_price, discount, line_total) VALUES
(801, 403, 27, 1, 34.99, 8, 32.19),
(802, 403, 20, 2, 199.99, 0, 399.98),
(803, 404, 25, 1, 29.99, 13, 26.09),
(804, 404, 23, 2, 59.99, 0, 119.98),
(805, 404, 44, 2, 89.99, 0, 179.98),
(806, 404, 12, 1, 29.99, 0, 29.99),
(807, 405, 27, 2, 34.99, 0, 69.98),
(808, 406, 49, 2, 249.99, 0, 499.98),
(809, 406, 23, 1, 59.99, 17, 49.79),
(810, 406, 11, 1, 34.99, 0, 34.99),
(811, 406, 9, 1, 64.99, 0, 64.99),
(812, 407, 4, 1, 49.99, 16, 41.99),
(813, 407, 30, 1, 22.99, 3, 22.3),
(814, 408, 21, 2, 179.99, 9, 327.58),
(815, 408, 14, 1, 44.99, 0, 44.99),
(816, 409, 21, 2, 179.99, 0, 359.98),
(817, 409, 4, 1, 49.99, 0, 49.99),
(818, 410, 31, 1, 24.99, 0, 24.99),
(819, 410, 7, 1, 24.99, 0, 24.99),
(820, 410, 37, 1, 44.99, 0, 44.99),
(821, 411, 20, 2, 199.99, 0, 399.98),
(822, 412, 36, 1, 34.99, 3, 33.94),
(823, 412, 3, 1, 1249.99, 0, 1249.99),
(824, 412, 43, 2, 349.99, 0, 699.98),
(825, 413, 21, 2, 179.99, 19, 291.58),
(826, 413, 27, 1, 34.99, 8, 32.19),
(827, 413, 48, 1, 44.99, 19, 36.44),
(828, 413, 50, 1, 34.99, 0, 34.99),
(829, 414, 22, 1, 89.99, 9, 81.89),
(830, 414, 9, 1, 64.99, 20, 51.99),
(831, 415, 13, 1, 199.99, 0, 199.99),
(832, 415, 50, 1, 34.99, 0, 34.99),
(833, 415, 45, 2, 29.99, 0, 59.98),
(834, 415, 14, 1, 44.99, 0, 44.99),
(835, 415, 27, 2, 34.99, 3, 67.88),
(836, 416, 16, 1, 159.99, 0, 159.99),
(837, 416, 47, 1, 19.99, 0, 19.99),
(838, 416, 43, 1, 349.99, 0, 349.99),
(839, 417, 23, 1, 59.99, 0, 59.99),
(840, 417, 13, 1, 199.99, 7, 185.99),
(841, 418, 12, 3, 29.99, 0, 89.97),
(842, 419, 34, 1, 79.99, 2, 78.39),
(843, 419, 10, 2, 149.99, 0, 299.98),
(844, 420, 3, 2, 1249.99, 0, 2499.98),
(845, 420, 19, 2, 44.99, 0, 89.98),
(846, 420, 35, 1, 14.99, 0, 14.99),
(847, 421, 19, 1, 44.99, 19, 36.44),
(848, 421, 15, 1, 39.99, 0, 39.99),
(849, 421, 27, 1, 34.99, 0, 34.99),
(850, 421, 46, 1, 249.99, 1, 247.49),
(851, 422, 9, 1, 64.99, 6, 61.09),
(852, 422, 44, 2, 89.99, 8, 165.58),
(853, 422, 34, 1, 79.99, 5, 75.99),
(854, 422, 1, 1, 79.99, 0, 79.99),
(855, 423, 19, 2, 44.99, 0, 89.98),
(856, 424, 32, 3, 69.99, 0, 209.97),
(857, 424, 37, 3, 44.99, 0, 134.97),
(858, 425, 18, 2, 34.99, 0, 69.98),
(859, 426, 46, 1, 249.99, 0, 249.99),
(860, 427, 9, 3, 64.99, 0, 194.97),
(861, 427, 26, 1, 19.99, 0, 19.99),
(862, 428, 7, 2, 24.99, 0, 49.98),
(863, 429, 26, 1, 19.99, 0, 19.99),
(864, 429, 11, 8, 34.99, 0, 279.92),
(865, 429, 16, 3, 159.99, 0, 479.97),
(866, 430, 46, 2, 249.99, 0, 499.98),
(867, 431, 9, 2, 64.99, 5, 123.48),
(868, 431, 4, 1, 49.99, 9, 45.49),
(869, 431, 15, 1, 39.99, 0, 39.99),
(870, 432, 12, 2, 29.99, 12, 52.78),
(871, 432, 42, 2, 24.99, 0, 49.98),
(872, 433, 32, 2, 69.99, 0, 139.98),
(873, 433, 46, 1, 249.99, 0, 249.99),
(874, 434, 46, 2, 249.99, 0, 499.98),
(875, 435, 31, 1, 24.99, 0, 24.99),
(876, 435, 9, 1, 64.99, 0, 64.99),
(877, 436, 21, 1, 179.99, 0, 179.99),
(878, 437, 44, 1, 89.99, 0, 89.99),
(879, 437, 7, 1, 24.99, 0, 24.99),
(880, 437, 46, 1, 249.99, 0, 249.99),
(881, 438, 6, 5, 39.99, 0, 199.95),
(882, 439, 15, 5, 39.99, 0, 199.95),
(883, 439, 45, 1, 29.99, 0, 29.99),
(884, 439, 26, 2, 19.99, 0, 39.98),
(885, 440, 45, 1, 29.99, 0, 29.99),
(886, 440, 30, 3, 22.99, 0, 68.97),
(887, 440, 8, 1, 89.99, 0, 89.99),
(888, 441, 32, 3, 69.99, 0, 209.97),
(889, 441, 3, 6, 1249.99, 8, 6899.94),
(890, 442, 41, 2, 12.99, 12, 22.86),
(891, 442, 2, 2, 899.99, 0, 1799.98),
(892, 442, 21, 3, 179.99, 0, 539.97),
(893, 442, 44, 2, 89.99, 0, 179.98),
(894, 442, 5, 1, 129.99, 0, 129.99),
(895, 443, 9, 3, 64.99, 0, 194.97),
(896, 443, 42, 2, 24.99, 0, 49.98),
(897, 443, 44, 2, 89.99, 0, 179.98),
(898, 444, 17, 7, 27.99, 8, 180.26),
(899, 445, 1, 1, 79.99, 0, 79.99),
(900, 446, 46, 7, 249.99, 15, 1487.44);

INSERT INTO order_items (order_item_id, order_id, product_id, quantity, unit_price, discount, line_total) VALUES
(901, 447, 15, 2, 39.99, 0, 79.98),
(902, 448, 36, 1, 34.99, 13, 30.44),
(903, 449, 27, 2, 34.99, 0, 69.98),
(904, 450, 27, 1, 34.99, 0, 34.99),
(905, 451, 11, 1, 34.99, 0, 34.99),
(906, 451, 5, 1, 129.99, 0, 129.99),
(907, 451, 50, 1, 34.99, 0, 34.99),
(908, 452, 35, 1, 14.99, 0, 14.99),
(909, 452, 30, 2, 22.99, 19, 37.24),
(910, 453, 2, 1, 899.99, 0, 899.99),
(911, 453, 35, 1, 14.99, 0, 14.99),
(912, 453, 32, 1, 69.99, 0, 69.99),
(913, 453, 7, 1, 24.99, 7, 23.24),
(914, 454, 17, 1, 27.99, 0, 27.99),
(915, 455, 35, 1, 14.99, 0, 14.99),
(916, 455, 23, 1, 59.99, 0, 59.99),
(917, 456, 20, 1, 199.99, 0, 199.99),
(918, 457, 15, 3, 39.99, 19, 97.18),
(919, 458, 24, 2, 14.99, 0, 29.98),
(920, 459, 34, 1, 79.99, 0, 79.99),
(921, 460, 6, 1, 39.99, 0, 39.99),
(922, 460, 47, 2, 19.99, 0, 39.98),
(923, 460, 1, 1, 79.99, 0, 79.99),
(924, 461, 46, 3, 249.99, 4, 719.97),
(925, 461, 13, 1, 199.99, 19, 161.99),
(926, 462, 17, 1, 27.99, 0, 27.99),
(927, 462, 42, 2, 24.99, 7, 46.48),
(928, 463, 18, 1, 34.99, 1, 34.64),
(929, 463, 6, 2, 39.99, 0, 79.98),
(930, 463, 29, 1, 59.99, 0, 59.99),
(931, 464, 13, 2, 199.99, 0, 399.98),
(932, 464, 7, 1, 24.99, 17, 20.74),
(933, 465, 3, 2, 1249.99, 0, 2499.98),
(934, 465, 44, 1, 89.99, 18, 73.79),
(935, 465, 19, 2, 44.99, 4, 86.38),
(936, 465, 7, 2, 24.99, 0, 49.98),
(937, 466, 4, 2, 49.99, 19, 80.98),
(938, 466, 44, 1, 89.99, 13, 78.29),
(939, 466, 49, 1, 249.99, 0, 249.99),
(940, 466, 31, 1, 24.99, 0, 24.99),
(941, 467, 6, 1, 39.99, 0, 39.99),
(942, 467, 9, 1, 64.99, 0, 64.99),
(943, 467, 19, 1, 44.99, 15, 38.24),
(944, 467, 23, 2, 59.99, 0, 119.98),
(945, 467, 4, 3, 49.99, 17, 124.48),
(946, 468, 48, 1, 44.99, 0, 44.99),
(947, 468, 44, 1, 89.99, 0, 89.99),
(948, 468, 11, 2, 34.99, 0, 69.98),
(949, 468, 47, 1, 19.99, 1, 19.79),
(950, 469, 9, 1, 64.99, 14, 55.89),
(951, 469, 46, 1, 249.99, 0, 249.99),
(952, 469, 4, 2, 49.99, 18, 81.98),
(953, 470, 1, 1, 79.99, 9, 72.79),
(954, 470, 18, 1, 34.99, 0, 34.99),
(955, 471, 40, 2, 39.99, 0, 79.98),
(956, 471, 30, 2, 22.99, 0, 45.98),
(957, 471, 41, 2, 12.99, 0, 25.98),
(958, 471, 26, 2, 19.99, 15, 33.98),
(959, 471, 4, 2, 49.99, 8, 91.98),
(960, 472, 15, 1, 39.99, 0, 39.99),
(961, 472, 10, 2, 149.99, 0, 299.98),
(962, 473, 13, 2, 199.99, 0, 399.98),
(963, 473, 36, 1, 34.99, 3, 33.94),
(964, 474, 1, 1, 79.99, 0, 79.99),
(965, 475, 14, 1, 44.99, 14, 38.69),
(966, 475, 22, 1, 89.99, 0, 89.99),
(967, 476, 11, 2, 34.99, 0, 69.98),
(968, 476, 37, 1, 44.99, 0, 44.99),
(969, 477, 42, 2, 24.99, 0, 49.98),
(970, 477, 31, 3, 24.99, 20, 59.98),
(971, 477, 32, 1, 69.99, 0, 69.99),
(972, 478, 46, 2, 249.99, 12, 439.98),
(973, 479, 2, 2, 899.99, 0, 1799.98),
(974, 479, 19, 1, 44.99, 0, 44.99),
(975, 480, 18, 1, 34.99, 0, 34.99),
(976, 480, 9, 2, 64.99, 0, 129.98),
(977, 481, 40, 1, 39.99, 0, 39.99),
(978, 482, 40, 2, 39.99, 0, 79.98),
(979, 483, 40, 1, 39.99, 12, 35.19),
(980, 483, 39, 1, 54.99, 0, 54.99),
(981, 484, 40, 1, 39.99, 0, 39.99),
(982, 485, 17, 1, 27.99, 0, 27.99),
(983, 485, 49, 1, 249.99, 0, 249.99),
(984, 486, 33, 1, 18.99, 12, 16.71),
(985, 487, 19, 1, 44.99, 0, 44.99),
(986, 487, 18, 3, 34.99, 0, 104.97),
(987, 487, 25, 2, 29.99, 0, 59.98),
(988, 488, 48, 1, 44.99, 7, 41.84),
(989, 489, 1, 2, 79.99, 0, 159.98),
(990, 490, 17, 1, 27.99, 0, 27.99),
(991, 491, 18, 1, 34.99, 0, 34.99),
(992, 491, 15, 1, 39.99, 0, 39.99),
(993, 491, 31, 1, 24.99, 0, 24.99),
(994, 492, 9, 1, 64.99, 0, 64.99),
(995, 493, 43, 1, 349.99, 0, 349.99),
(996, 494, 49, 1, 249.99, 0, 249.99),
(997, 494, 36, 1, 34.99, 12, 30.79),
(998, 495, 6, 3, 39.99, 0, 119.97),
(999, 495, 38, 8, 19.99, 0, 159.92),
(1000, 495, 19, 1, 44.99, 0, 44.99);

INSERT INTO order_items (order_item_id, order_id, product_id, quantity, unit_price, discount, line_total) VALUES
(1001, 495, 22, 1, 89.99, 0, 89.99),
(1002, 496, 25, 1, 29.99, 0, 29.99),
(1003, 496, 8, 1, 89.99, 5, 85.49),
(1004, 496, 28, 1, 49.99, 5, 47.49),
(1005, 496, 37, 1, 44.99, 0, 44.99),
(1006, 497, 16, 3, 159.99, 8, 441.57),
(1007, 498, 17, 3, 27.99, 0, 83.97),
(1008, 498, 14, 2, 44.99, 0, 89.98),
(1009, 499, 45, 1, 29.99, 14, 25.79),
(1010, 500, 20, 1, 199.99, 0, 199.99),
(1011, 500, 31, 1, 24.99, 0, 24.99),
(1012, 500, 14, 2, 44.99, 0, 89.98),
(1013, 501, 16, 3, 159.99, 0, 479.97),
(1014, 501, 3, 1, 1249.99, 0, 1249.99),
(1015, 502, 28, 1, 49.99, 5, 47.49),
(1016, 502, 22, 3, 89.99, 12, 237.57),
(1017, 503, 8, 1, 89.99, 0, 89.99),
(1018, 503, 43, 2, 349.99, 0, 699.98),
(1019, 503, 41, 1, 12.99, 0, 12.99),
(1020, 504, 44, 8, 89.99, 0, 719.92),
(1021, 504, 14, 1, 44.99, 0, 44.99),
(1022, 505, 13, 2, 199.99, 0, 399.98),
(1023, 505, 16, 2, 159.99, 0, 319.98),
(1024, 506, 8, 2, 89.99, 0, 179.98),
(1025, 507, 29, 2, 59.99, 0, 119.98),
(1026, 507, 38, 2, 19.99, 0, 39.98),
(1027, 508, 42, 2, 24.99, 0, 49.98),
(1028, 508, 40, 2, 39.99, 12, 70.38),
(1029, 509, 43, 1, 349.99, 0, 349.99),
(1030, 509, 16, 3, 159.99, 0, 479.97),
(1031, 510, 43, 1, 349.99, 4, 335.99),
(1032, 511, 1, 1, 79.99, 0, 79.99),
(1033, 511, 17, 1, 27.99, 7, 26.03),
(1034, 512, 19, 1, 44.99, 0, 44.99),
(1035, 512, 18, 2, 34.99, 18, 57.38),
(1036, 512, 36, 1, 34.99, 0, 34.99),
(1037, 512, 39, 1, 54.99, 0, 54.99),
(1038, 513, 21, 3, 179.99, 0, 539.97),
(1039, 513, 48, 6, 44.99, 0, 269.94),
(1040, 514, 4, 2, 49.99, 16, 83.98),
(1041, 515, 28, 2, 49.99, 0, 99.98),
(1042, 515, 35, 1, 14.99, 0, 14.99),
(1043, 516, 45, 3, 29.99, 0, 89.97),
(1044, 517, 39, 1, 54.99, 0, 54.99),
(1045, 518, 26, 2, 19.99, 0, 39.98),
(1046, 518, 6, 1, 39.99, 13, 34.79),
(1047, 518, 29, 3, 59.99, 0, 179.97),
(1048, 519, 44, 2, 89.99, 0, 179.98),
(1049, 520, 46, 2, 249.99, 0, 499.98),
(1050, 521, 48, 3, 44.99, 0, 134.97),
(1051, 521, 3, 2, 1249.99, 0, 2499.98),
(1052, 522, 35, 2, 14.99, 12, 26.38),
(1053, 522, 40, 1, 39.99, 0, 39.99),
(1054, 522, 12, 1, 29.99, 0, 29.99),
(1055, 523, 12, 1, 29.99, 11, 26.69),
(1056, 524, 22, 2, 89.99, 0, 179.98),
(1057, 525, 30, 3, 22.99, 0, 68.97),
(1058, 525, 34, 2, 79.99, 2, 156.78),
(1059, 526, 15, 2, 39.99, 0, 79.98),
(1060, 527, 39, 1, 54.99, 0, 54.99),
(1061, 527, 23, 1, 59.99, 0, 59.99),
(1062, 528, 20, 2, 199.99, 0, 399.98),
(1063, 529, 24, 1, 14.99, 0, 14.99),
(1064, 529, 1, 6, 79.99, 0, 479.94),
(1065, 529, 44, 1, 89.99, 0, 89.99),
(1066, 530, 30, 1, 22.99, 0, 22.99),
(1067, 531, 5, 2, 129.99, 0, 259.98),
(1068, 532, 21, 1, 179.99, 0, 179.99),
(1069, 532, 39, 1, 54.99, 0, 54.99),
(1070, 533, 45, 1, 29.99, 4, 28.79),
(1071, 534, 50, 1, 34.99, 2, 34.29),
(1072, 535, 29, 3, 59.99, 0, 179.97),
(1073, 536, 47, 1, 19.99, 0, 19.99),
(1074, 536, 30, 2, 22.99, 0, 45.98),
(1075, 537, 26, 1, 19.99, 0, 19.99),
(1076, 538, 28, 1, 49.99, 3, 48.49),
(1077, 538, 34, 1, 79.99, 0, 79.99),
(1078, 539, 33, 1, 18.99, 0, 18.99),
(1079, 540, 47, 1, 19.99, 0, 19.99),
(1080, 541, 15, 8, 39.99, 2, 313.52),
(1081, 541, 33, 1, 18.99, 0, 18.99),
(1082, 542, 13, 3, 199.99, 4, 575.97),
(1083, 542, 20, 1, 199.99, 0, 199.99),
(1084, 543, 25, 1, 29.99, 0, 29.99),
(1085, 544, 22, 2, 89.99, 0, 179.98),
(1086, 545, 4, 1, 49.99, 0, 49.99),
(1087, 545, 21, 1, 179.99, 0, 179.99),
(1088, 545, 24, 1, 14.99, 0, 14.99),
(1089, 545, 34, 1, 79.99, 9, 72.79),
(1090, 546, 50, 1, 34.99, 0, 34.99),
(1091, 547, 11, 1, 34.99, 0, 34.99),
(1092, 547, 26, 2, 19.99, 0, 39.98),
(1093, 548, 23, 2, 59.99, 0, 119.98),
(1094, 548, 49, 2, 249.99, 0, 499.98),
(1095, 548, 12, 1, 29.99, 0, 29.99),
(1096, 549, 28, 2, 49.99, 11, 88.98),
(1097, 549, 9, 3, 64.99, 0, 194.97),
(1098, 549, 23, 1, 59.99, 14, 51.59),
(1099, 550, 29, 3, 59.99, 0, 179.97),
(1100, 550, 26, 2, 19.99, 7, 37.18);

INSERT INTO order_items (order_item_id, order_id, product_id, quantity, unit_price, discount, line_total) VALUES
(1101, 551, 46, 3, 249.99, 13, 652.47),
(1102, 551, 5, 2, 129.99, 0, 259.98),
(1103, 551, 43, 1, 349.99, 0, 349.99),
(1104, 552, 27, 1, 34.99, 0, 34.99),
(1105, 553, 36, 1, 34.99, 0, 34.99),
(1106, 554, 10, 2, 149.99, 0, 299.98),
(1107, 554, 17, 7, 27.99, 20, 156.74),
(1108, 555, 4, 1, 49.99, 0, 49.99),
(1109, 555, 47, 1, 19.99, 0, 19.99),
(1110, 555, 49, 1, 249.99, 0, 249.99),
(1111, 556, 40, 1, 39.99, 0, 39.99),
(1112, 557, 48, 2, 44.99, 0, 89.98),
(1113, 557, 45, 2, 29.99, 0, 59.98),
(1114, 557, 44, 1, 89.99, 19, 72.89),
(1115, 557, 41, 1, 12.99, 0, 12.99),
(1116, 558, 5, 8, 129.99, 1, 1029.52),
(1117, 559, 28, 1, 49.99, 9, 45.49),
(1118, 559, 38, 1, 19.99, 0, 19.99),
(1119, 559, 2, 1, 899.99, 0, 899.99),
(1120, 560, 18, 1, 34.99, 6, 32.89),
(1121, 560, 44, 1, 89.99, 0, 89.99),
(1122, 560, 6, 1, 39.99, 0, 39.99),
(1123, 561, 11, 1, 34.99, 0, 34.99),
(1124, 561, 32, 3, 69.99, 0, 209.97),
(1125, 561, 49, 1, 249.99, 0, 249.99),
(1126, 561, 45, 1, 29.99, 0, 29.99),
(1127, 562, 8, 3, 89.99, 0, 269.97),
(1128, 562, 3, 4, 1249.99, 0, 4999.96),
(1129, 563, 20, 2, 199.99, 12, 351.98),
(1130, 563, 46, 1, 249.99, 0, 249.99),
(1131, 564, 18, 2, 34.99, 0, 69.98),
(1132, 565, 26, 2, 19.99, 0, 39.98),
(1133, 566, 8, 1, 89.99, 0, 89.99),
(1134, 566, 33, 2, 18.99, 0, 37.98),
(1135, 567, 23, 1, 59.99, 0, 59.99),
(1136, 568, 12, 2, 29.99, 0, 59.98),
(1137, 568, 6, 1, 39.99, 0, 39.99),
(1138, 569, 37, 2, 44.99, 0, 89.98),
(1139, 569, 39, 1, 54.99, 18, 45.09),
(1140, 569, 49, 2, 249.99, 0, 499.98),
(1141, 570, 10, 3, 149.99, 0, 449.97),
(1142, 570, 42, 1, 24.99, 0, 24.99),
(1143, 570, 22, 2, 89.99, 0, 179.98),
(1144, 570, 14, 2, 44.99, 0, 89.98),
(1145, 571, 15, 2, 39.99, 12, 70.38),
(1146, 572, 18, 2, 34.99, 0, 69.98),
(1147, 573, 32, 1, 69.99, 3, 67.89),
(1148, 573, 8, 2, 89.99, 0, 179.98),
(1149, 574, 17, 2, 27.99, 0, 55.98),
(1150, 574, 7, 2, 24.99, 0, 49.98),
(1151, 574, 50, 1, 34.99, 0, 34.99),
(1152, 574, 25, 1, 29.99, 19, 24.29),
(1153, 575, 3, 1, 1249.99, 0, 1249.99),
(1154, 576, 19, 1, 44.99, 0, 44.99),
(1155, 576, 27, 1, 34.99, 10, 31.49),
(1156, 577, 3, 1, 1249.99, 4, 1199.99),
(1157, 578, 49, 1, 249.99, 0, 249.99),
(1158, 579, 20, 1, 199.99, 3, 193.99),
(1159, 580, 45, 2, 29.99, 11, 53.38),
(1160, 580, 4, 1, 49.99, 6, 46.99),
(1161, 580, 26, 1, 19.99, 0, 19.99),
(1162, 580, 46, 1, 249.99, 0, 249.99),
(1163, 580, 31, 1, 24.99, 0, 24.99),
(1164, 581, 44, 1, 89.99, 0, 89.99),
(1165, 582, 43, 3, 349.99, 0, 1049.97),
(1166, 583, 15, 2, 39.99, 0, 79.98),
(1167, 584, 13, 2, 199.99, 0, 399.98),
(1168, 584, 25, 2, 29.99, 0, 59.98),
(1169, 585, 20, 1, 199.99, 0, 199.99),
(1170, 586, 33, 2, 18.99, 7, 35.32),
(1171, 587, 17, 1, 27.99, 0, 27.99),
(1172, 588, 12, 2, 29.99, 0, 59.98),
(1173, 589, 7, 1, 24.99, 0, 24.99),
(1174, 590, 9, 2, 64.99, 12, 114.38),
(1175, 591, 33, 3, 18.99, 0, 56.97),
(1176, 592, 21, 2, 179.99, 0, 359.98),
(1177, 592, 25, 1, 29.99, 0, 29.99),
(1178, 592, 41, 1, 12.99, 7, 12.08),
(1179, 593, 37, 1, 44.99, 0, 44.99),
(1180, 593, 35, 1, 14.99, 6, 14.09),
(1181, 594, 27, 1, 34.99, 3, 33.94),
(1182, 595, 7, 1, 24.99, 0, 24.99),
(1183, 596, 29, 1, 59.99, 4, 57.59),
(1184, 597, 45, 1, 29.99, 0, 29.99),
(1185, 597, 39, 1, 54.99, 0, 54.99),
(1186, 597, 17, 1, 27.99, 16, 23.51),
(1187, 598, 45, 2, 29.99, 0, 59.98),
(1188, 598, 23, 1, 59.99, 12, 52.79),
(1189, 599, 30, 2, 22.99, 0, 45.98),
(1190, 599, 14, 2, 44.99, 0, 89.98),
(1191, 600, 16, 5, 159.99, 16, 671.96),
(1192, 601, 6, 2, 39.99, 0, 79.98),
(1193, 602, 39, 1, 54.99, 0, 54.99),
(1194, 602, 14, 1, 44.99, 6, 42.29),
(1195, 602, 22, 7, 89.99, 3, 611.03),
(1196, 602, 2, 1, 899.99, 0, 899.99),
(1197, 602, 50, 1, 34.99, 0, 34.99),
(1198, 603, 3, 1, 1249.99, 0, 1249.99),
(1199, 603, 23, 1, 59.99, 0, 59.99),
(1200, 603, 48, 1, 44.99, 4, 43.19);

INSERT INTO order_items (order_item_id, order_id, product_id, quantity, unit_price, discount, line_total) VALUES
(1201, 604, 17, 2, 27.99, 0, 55.98),
(1202, 605, 41, 1, 12.99, 0, 12.99),
(1203, 606, 1, 2, 79.99, 6, 150.38),
(1204, 606, 31, 1, 24.99, 0, 24.99),
(1205, 607, 25, 1, 29.99, 0, 29.99),
(1206, 608, 3, 1, 1249.99, 0, 1249.99),
(1207, 608, 22, 1, 89.99, 0, 89.99),
(1208, 609, 8, 1, 89.99, 0, 89.99),
(1209, 610, 25, 1, 29.99, 0, 29.99),
(1210, 610, 38, 2, 19.99, 0, 39.98),
(1211, 611, 44, 2, 89.99, 0, 179.98),
(1212, 611, 29, 1, 59.99, 15, 50.99),
(1213, 611, 39, 1, 54.99, 0, 54.99),
(1214, 612, 42, 1, 24.99, 6, 23.49),
(1215, 612, 32, 1, 69.99, 0, 69.99),
(1216, 612, 10, 1, 149.99, 0, 149.99),
(1217, 613, 40, 2, 39.99, 0, 79.98),
(1218, 613, 9, 3, 64.99, 2, 191.07),
(1219, 613, 14, 1, 44.99, 0, 44.99),
(1220, 614, 9, 1, 64.99, 0, 64.99),
(1221, 614, 24, 1, 14.99, 9, 13.64),
(1222, 614, 50, 2, 34.99, 9, 63.68),
(1223, 614, 6, 1, 39.99, 0, 39.99),
(1224, 614, 29, 2, 59.99, 0, 119.98),
(1225, 615, 5, 1, 129.99, 0, 129.99),
(1226, 615, 3, 1, 1249.99, 0, 1249.99),
(1227, 615, 34, 3, 79.99, 0, 239.97),
(1228, 616, 14, 2, 44.99, 0, 89.98),
(1229, 617, 9, 1, 64.99, 4, 62.39),
(1230, 617, 19, 1, 44.99, 0, 44.99),
(1231, 618, 3, 1, 1249.99, 0, 1249.99),
(1232, 618, 26, 1, 19.99, 4, 19.19),
(1233, 619, 44, 3, 89.99, 0, 269.97),
(1234, 620, 31, 2, 24.99, 0, 49.98),
(1235, 620, 42, 3, 24.99, 0, 74.97),
(1236, 621, 5, 2, 129.99, 0, 259.98),
(1237, 621, 24, 2, 14.99, 0, 29.98),
(1238, 622, 43, 1, 349.99, 19, 283.49),
(1239, 622, 10, 8, 149.99, 12, 1055.93),
(1240, 622, 46, 2, 249.99, 0, 499.98),
(1241, 623, 14, 1, 44.99, 0, 44.99),
(1242, 624, 44, 1, 89.99, 0, 89.99),
(1243, 624, 18, 2, 34.99, 0, 69.98),
(1244, 625, 7, 2, 24.99, 4, 47.98),
(1245, 625, 17, 1, 27.99, 0, 27.99),
(1246, 626, 16, 2, 159.99, 0, 319.98),
(1247, 626, 2, 1, 899.99, 0, 899.99),
(1248, 626, 3, 3, 1249.99, 2, 3674.97),
(1249, 627, 17, 2, 27.99, 2, 54.86),
(1250, 628, 27, 1, 34.99, 0, 34.99),
(1251, 628, 21, 1, 179.99, 4, 172.79),
(1252, 629, 25, 1, 29.99, 13, 26.09),
(1253, 629, 28, 3, 49.99, 7, 139.47),
(1254, 629, 15, 1, 39.99, 0, 39.99),
(1255, 629, 49, 1, 249.99, 0, 249.99),
(1256, 630, 18, 1, 34.99, 0, 34.99),
(1257, 631, 20, 1, 199.99, 13, 173.99),
(1258, 631, 7, 1, 24.99, 0, 24.99),
(1259, 631, 28, 1, 49.99, 0, 49.99),
(1260, 631, 8, 2, 89.99, 0, 179.98),
(1261, 632, 19, 1, 44.99, 0, 44.99),
(1262, 633, 6, 1, 39.99, 0, 39.99),
(1263, 634, 1, 1, 79.99, 0, 79.99),
(1264, 635, 44, 1, 89.99, 17, 74.69),
(1265, 636, 14, 2, 44.99, 0, 89.98),
(1266, 636, 11, 1, 34.99, 0, 34.99),
(1267, 636, 38, 1, 19.99, 0, 19.99),
(1268, 637, 31, 3, 24.99, 0, 74.97),
(1269, 637, 43, 2, 349.99, 5, 664.98),
(1270, 637, 34, 1, 79.99, 0, 79.99),
(1271, 638, 37, 2, 44.99, 0, 89.98),
(1272, 638, 9, 2, 64.99, 4, 124.78),
(1273, 639, 24, 1, 14.99, 0, 14.99),
(1274, 640, 2, 2, 899.99, 0, 1799.98),
(1275, 641, 18, 2, 34.99, 10, 62.98),
(1276, 641, 30, 1, 22.99, 0, 22.99),
(1277, 642, 36, 2, 34.99, 0, 69.98),
(1278, 642, 44, 2, 89.99, 0, 179.98),
(1279, 642, 16, 3, 159.99, 17, 398.38),
(1280, 643, 48, 2, 44.99, 0, 89.98),
(1281, 644, 24, 1, 14.99, 0, 14.99),
(1282, 644, 14, 1, 44.99, 0, 44.99),
(1283, 644, 13, 2, 199.99, 0, 399.98),
(1284, 644, 42, 1, 24.99, 0, 24.99),
(1285, 645, 27, 1, 34.99, 0, 34.99),
(1286, 646, 17, 1, 27.99, 0, 27.99),
(1287, 646, 38, 1, 19.99, 18, 16.39),
(1288, 647, 10, 1, 149.99, 0, 149.99),
(1289, 647, 1, 2, 79.99, 0, 159.98),
(1290, 648, 15, 2, 39.99, 0, 79.98),
(1291, 649, 40, 1, 39.99, 0, 39.99),
(1292, 649, 21, 2, 179.99, 2, 352.78),
(1293, 650, 8, 2, 89.99, 0, 179.98),
(1294, 650, 29, 1, 59.99, 12, 52.79),
(1295, 650, 28, 3, 49.99, 0, 149.97),
(1296, 651, 19, 2, 44.99, 0, 89.98),
(1297, 651, 1, 2, 79.99, 0, 159.98),
(1298, 652, 43, 1, 349.99, 0, 349.99),
(1299, 652, 21, 1, 179.99, 0, 179.99),
(1300, 653, 28, 1, 49.99, 0, 49.99);

INSERT INTO order_items (order_item_id, order_id, product_id, quantity, unit_price, discount, line_total) VALUES
(1301, 653, 33, 1, 18.99, 0, 18.99),
(1302, 653, 43, 1, 349.99, 18, 286.99),
(1303, 654, 11, 1, 34.99, 0, 34.99),
(1304, 654, 24, 1, 14.99, 0, 14.99),
(1305, 654, 35, 1, 14.99, 0, 14.99),
(1306, 654, 37, 1, 44.99, 0, 44.99),
(1307, 655, 18, 3, 34.99, 10, 94.47),
(1308, 655, 31, 5, 24.99, 5, 118.7),
(1309, 655, 47, 3, 19.99, 6, 56.37),
(1310, 655, 41, 6, 12.99, 0, 77.94),
(1311, 656, 46, 1, 249.99, 18, 204.99),
(1312, 657, 16, 1, 159.99, 0, 159.99),
(1313, 657, 50, 2, 34.99, 0, 69.98),
(1314, 657, 34, 1, 79.99, 18, 65.59),
(1315, 658, 47, 1, 19.99, 0, 19.99),
(1316, 658, 18, 3, 34.99, 5, 99.72),
(1317, 659, 21, 2, 179.99, 0, 359.98),
(1318, 660, 20, 1, 199.99, 0, 199.99),
(1319, 661, 17, 1, 27.99, 0, 27.99),
(1320, 661, 45, 5, 29.99, 9, 136.45),
(1321, 661, 27, 2, 34.99, 0, 69.98),
(1322, 661, 39, 1, 54.99, 0, 54.99),
(1323, 661, 8, 1, 89.99, 6, 84.59),
(1324, 662, 26, 3, 19.99, 0, 59.97),
(1325, 662, 25, 1, 29.99, 12, 26.39),
(1326, 663, 40, 1, 39.99, 0, 39.99),
(1327, 663, 42, 2, 24.99, 1, 49.48),
(1328, 663, 21, 2, 179.99, 17, 298.78),
(1329, 663, 27, 1, 34.99, 16, 29.39),
(1330, 663, 31, 1, 24.99, 0, 24.99),
(1331, 664, 1, 2, 79.99, 0, 159.98),
(1332, 665, 37, 1, 44.99, 0, 44.99),
(1333, 665, 22, 3, 89.99, 17, 224.08),
(1334, 666, 43, 3, 349.99, 0, 1049.97),
(1335, 666, 14, 1, 44.99, 20, 35.99),
(1336, 666, 49, 1, 249.99, 0, 249.99),
(1337, 666, 23, 1, 59.99, 0, 59.99),
(1338, 667, 26, 1, 19.99, 0, 19.99),
(1339, 668, 42, 1, 24.99, 0, 24.99),
(1340, 669, 18, 1, 34.99, 8, 32.19),
(1341, 669, 41, 1, 12.99, 0, 12.99),
(1342, 669, 14, 1, 44.99, 0, 44.99),
(1343, 670, 41, 1, 12.99, 0, 12.99),
(1344, 670, 42, 1, 24.99, 0, 24.99),
(1345, 671, 32, 3, 69.99, 0, 209.97),
(1346, 672, 2, 3, 899.99, 0, 2699.97),
(1347, 672, 19, 1, 44.99, 0, 44.99),
(1348, 673, 3, 1, 1249.99, 19, 1012.49),
(1349, 674, 3, 1, 1249.99, 18, 1024.99),
(1350, 675, 44, 2, 89.99, 0, 179.98),
(1351, 676, 35, 3, 14.99, 0, 44.97),
(1352, 676, 7, 1, 24.99, 5, 23.74),
(1353, 677, 36, 2, 34.99, 0, 69.98),
(1354, 677, 3, 1, 1249.99, 0, 1249.99),
(1355, 677, 2, 2, 899.99, 0, 1799.98),
(1356, 678, 8, 2, 89.99, 0, 179.98),
(1357, 678, 22, 1, 89.99, 0, 89.99),
(1358, 678, 9, 1, 64.99, 11, 57.84),
(1359, 679, 28, 1, 49.99, 0, 49.99),
(1360, 680, 18, 1, 34.99, 13, 30.44),
(1361, 680, 35, 1, 14.99, 0, 14.99),
(1362, 681, 25, 1, 29.99, 0, 29.99),
(1363, 681, 13, 1, 199.99, 0, 199.99),
(1364, 682, 32, 1, 69.99, 0, 69.99),
(1365, 682, 13, 1, 199.99, 0, 199.99),
(1366, 683, 29, 1, 59.99, 16, 50.39),
(1367, 683, 43, 2, 349.99, 19, 566.98),
(1368, 683, 35, 1, 14.99, 0, 14.99),
(1369, 684, 5, 1, 129.99, 0, 129.99),
(1370, 684, 11, 1, 34.99, 0, 34.99),
(1371, 685, 13, 1, 199.99, 0, 199.99),
(1372, 685, 2, 1, 899.99, 3, 872.99),
(1373, 686, 28, 2, 49.99, 0, 99.98),
(1374, 686, 23, 1, 59.99, 0, 59.99),
(1375, 686, 14, 3, 44.99, 9, 122.82),
(1376, 687, 4, 1, 49.99, 0, 49.99),
(1377, 688, 20, 1, 199.99, 0, 199.99),
(1378, 688, 19, 2, 44.99, 18, 73.78),
(1379, 689, 8, 1, 89.99, 0, 89.99),
(1380, 689, 29, 1, 59.99, 0, 59.99),
(1381, 690, 20, 1, 199.99, 0, 199.99),
(1382, 690, 32, 2, 69.99, 0, 139.98),
(1383, 691, 29, 6, 59.99, 0, 359.94),
(1384, 691, 50, 1, 34.99, 0, 34.99),
(1385, 692, 4, 1, 49.99, 10, 44.99),
(1386, 692, 41, 1, 12.99, 5, 12.34),
(1387, 692, 28, 1, 49.99, 0, 49.99),
(1388, 693, 44, 1, 89.99, 13, 78.29),
(1389, 693, 3, 1, 1249.99, 0, 1249.99),
(1390, 694, 8, 1, 89.99, 0, 89.99),
(1391, 695, 23, 1, 59.99, 0, 59.99),
(1392, 695, 24, 2, 14.99, 0, 29.98),
(1393, 695, 34, 1, 79.99, 0, 79.99),
(1394, 695, 47, 2, 19.99, 0, 39.98),
(1395, 696, 22, 1, 89.99, 0, 89.99),
(1396, 696, 36, 1, 34.99, 0, 34.99),
(1397, 697, 25, 3, 29.99, 11, 80.07),
(1398, 697, 13, 1, 199.99, 0, 199.99),
(1399, 697, 29, 1, 59.99, 19, 48.59),
(1400, 698, 31, 2, 24.99, 11, 44.48);

INSERT INTO order_items (order_item_id, order_id, product_id, quantity, unit_price, discount, line_total) VALUES
(1401, 699, 42, 2, 24.99, 0, 49.98),
(1402, 699, 24, 1, 14.99, 0, 14.99),
(1403, 699, 13, 1, 199.99, 19, 161.99),
(1404, 700, 13, 1, 199.99, 0, 199.99),
(1405, 701, 45, 1, 29.99, 0, 29.99),
(1406, 701, 43, 1, 349.99, 0, 349.99),
(1407, 701, 39, 1, 54.99, 13, 47.84),
(1408, 701, 27, 1, 34.99, 0, 34.99),
(1409, 702, 12, 2, 29.99, 3, 58.18),
(1410, 703, 24, 1, 14.99, 0, 14.99),
(1411, 703, 7, 2, 24.99, 0, 49.98),
(1412, 703, 49, 1, 249.99, 0, 249.99),
(1413, 703, 20, 2, 199.99, 0, 399.98),
(1414, 704, 7, 1, 24.99, 0, 24.99),
(1415, 705, 4, 2, 49.99, 13, 86.98),
(1416, 705, 38, 3, 19.99, 0, 59.97),
(1417, 705, 19, 1, 44.99, 0, 44.99),
(1418, 706, 38, 2, 19.99, 0, 39.98),
(1419, 706, 27, 3, 34.99, 12, 92.37),
(1420, 707, 3, 1, 1249.99, 0, 1249.99),
(1421, 708, 18, 2, 34.99, 0, 69.98),
(1422, 709, 40, 2, 39.99, 0, 79.98),
(1423, 710, 12, 1, 29.99, 15, 25.49),
(1424, 711, 2, 7, 899.99, 0, 6299.93),
(1425, 712, 29, 1, 59.99, 0, 59.99),
(1426, 712, 48, 2, 44.99, 0, 89.98),
(1427, 712, 10, 3, 149.99, 0, 449.97),
(1428, 712, 38, 2, 19.99, 0, 39.98),
(1429, 712, 20, 1, 199.99, 0, 199.99),
(1430, 713, 6, 1, 39.99, 0, 39.99),
(1431, 714, 43, 1, 349.99, 0, 349.99),
(1432, 714, 27, 2, 34.99, 1, 69.28),
(1433, 714, 23, 3, 59.99, 0, 179.97),
(1434, 714, 44, 1, 89.99, 0, 89.99),
(1435, 714, 31, 1, 24.99, 5, 23.74),
(1436, 715, 3, 2, 1249.99, 0, 2499.98),
(1437, 716, 43, 1, 349.99, 0, 349.99),
(1438, 716, 28, 1, 49.99, 0, 49.99),
(1439, 716, 13, 1, 199.99, 16, 167.99),
(1440, 716, 11, 1, 34.99, 6, 32.89),
(1441, 716, 37, 1, 44.99, 0, 44.99),
(1442, 717, 6, 2, 39.99, 0, 79.98),
(1443, 718, 50, 1, 34.99, 0, 34.99),
(1444, 718, 16, 1, 159.99, 0, 159.99),
(1445, 718, 41, 2, 12.99, 0, 25.98),
(1446, 719, 21, 1, 179.99, 10, 161.99),
(1447, 720, 1, 1, 79.99, 0, 79.99),
(1448, 720, 13, 1, 199.99, 13, 173.99),
(1449, 720, 15, 1, 39.99, 0, 39.99),
(1450, 720, 45, 2, 29.99, 18, 49.18),
(1451, 721, 11, 1, 34.99, 0, 34.99),
(1452, 722, 31, 2, 24.99, 0, 49.98),
(1453, 723, 5, 1, 129.99, 0, 129.99),
(1454, 723, 43, 3, 349.99, 13, 913.47),
(1455, 724, 10, 2, 149.99, 0, 299.98),
(1456, 725, 35, 3, 14.99, 0, 44.97),
(1457, 725, 16, 3, 159.99, 0, 479.97),
(1458, 725, 9, 1, 64.99, 0, 64.99),
(1459, 726, 50, 2, 34.99, 0, 69.98),
(1460, 727, 32, 1, 69.99, 0, 69.99),
(1461, 728, 27, 1, 34.99, 0, 34.99),
(1462, 729, 37, 1, 44.99, 0, 44.99),
(1463, 729, 9, 2, 64.99, 0, 129.98),
(1464, 730, 34, 1, 79.99, 0, 79.99),
(1465, 731, 19, 1, 44.99, 0, 44.99),
(1466, 731, 3, 1, 1249.99, 0, 1249.99),
(1467, 732, 43, 2, 349.99, 0, 699.98),
(1468, 732, 17, 1, 27.99, 20, 22.39),
(1469, 733, 27, 1, 34.99, 0, 34.99),
(1470, 733, 50, 3, 34.99, 0, 104.97),
(1471, 733, 6, 1, 39.99, 1, 39.59),
(1472, 734, 3, 1, 1249.99, 0, 1249.99),
(1473, 735, 48, 1, 44.99, 0, 44.99),
(1474, 736, 6, 2, 39.99, 0, 79.98),
(1475, 736, 36, 5, 34.99, 0, 174.95),
(1476, 737, 1, 2, 79.99, 3, 155.18),
(1477, 737, 50, 2, 34.99, 16, 58.78),
(1478, 737, 41, 2, 12.99, 5, 24.68),
(1479, 738, 12, 2, 29.99, 4, 57.58),
(1480, 739, 6, 7, 39.99, 0, 279.93),
(1481, 740, 31, 2, 24.99, 0, 49.98),
(1482, 741, 1, 1, 79.99, 0, 79.99),
(1483, 742, 35, 1, 14.99, 13, 13.04),
(1484, 743, 42, 1, 24.99, 19, 20.24),
(1485, 743, 50, 1, 34.99, 0, 34.99),
(1486, 744, 49, 1, 249.99, 0, 249.99),
(1487, 744, 34, 1, 79.99, 0, 79.99),
(1488, 744, 29, 2, 59.99, 0, 119.98),
(1489, 745, 49, 1, 249.99, 0, 249.99),
(1490, 745, 26, 3, 19.99, 0, 59.97),
(1491, 745, 34, 2, 79.99, 20, 127.98),
(1492, 745, 12, 1, 29.99, 8, 27.59),
(1493, 746, 44, 1, 89.99, 0, 89.99),
(1494, 746, 10, 2, 149.99, 0, 299.98),
(1495, 746, 36, 1, 34.99, 0, 34.99),
(1496, 747, 16, 1, 159.99, 0, 159.99),
(1497, 747, 42, 1, 24.99, 16, 20.99),
(1498, 747, 47, 2, 19.99, 0, 39.98),
(1499, 747, 21, 2, 179.99, 0, 359.98),
(1500, 747, 13, 1, 199.99, 3, 193.99);

INSERT INTO order_items (order_item_id, order_id, product_id, quantity, unit_price, discount, line_total) VALUES
(1501, 748, 1, 1, 79.99, 0, 79.99),
(1502, 748, 33, 1, 18.99, 18, 15.57),
(1503, 748, 32, 1, 69.99, 0, 69.99),
(1504, 749, 49, 1, 249.99, 0, 249.99),
(1505, 750, 8, 1, 89.99, 0, 89.99),
(1506, 750, 18, 1, 34.99, 0, 34.99),
(1507, 751, 42, 1, 24.99, 6, 23.49),
(1508, 751, 18, 1, 34.99, 0, 34.99),
(1509, 751, 27, 1, 34.99, 0, 34.99),
(1510, 752, 37, 3, 44.99, 0, 134.97),
(1511, 752, 38, 1, 19.99, 0, 19.99),
(1512, 752, 49, 1, 249.99, 16, 209.99),
(1513, 753, 49, 1, 249.99, 0, 249.99),
(1514, 753, 32, 1, 69.99, 0, 69.99),
(1515, 753, 27, 1, 34.99, 6, 32.89),
(1516, 754, 10, 1, 149.99, 0, 149.99),
(1517, 755, 8, 1, 89.99, 0, 89.99),
(1518, 755, 25, 1, 29.99, 0, 29.99),
(1519, 756, 38, 1, 19.99, 0, 19.99),
(1520, 756, 28, 1, 49.99, 0, 49.99),
(1521, 757, 8, 1, 89.99, 5, 85.49),
(1522, 757, 3, 1, 1249.99, 9, 1137.49),
(1523, 758, 48, 1, 44.99, 1, 44.54),
(1524, 759, 45, 1, 29.99, 0, 29.99),
(1525, 759, 38, 3, 19.99, 0, 59.97),
(1526, 759, 28, 1, 49.99, 0, 49.99),
(1527, 759, 19, 7, 44.99, 0, 314.93),
(1528, 760, 23, 3, 59.99, 0, 179.97),
(1529, 760, 35, 2, 14.99, 7, 27.88),
(1530, 761, 17, 5, 27.99, 7, 130.15),
(1531, 762, 2, 1, 899.99, 0, 899.99),
(1532, 762, 29, 1, 59.99, 0, 59.99),
(1533, 762, 42, 1, 24.99, 0, 24.99),
(1534, 763, 39, 1, 54.99, 15, 46.74),
(1535, 764, 50, 1, 34.99, 0, 34.99),
(1536, 764, 24, 1, 14.99, 8, 13.79),
(1537, 765, 25, 1, 29.99, 0, 29.99),
(1538, 765, 46, 2, 249.99, 13, 434.98),
(1539, 766, 38, 1, 19.99, 0, 19.99),
(1540, 766, 28, 1, 49.99, 3, 48.49),
(1541, 766, 12, 1, 29.99, 0, 29.99),
(1542, 767, 13, 2, 199.99, 3, 387.98),
(1543, 768, 21, 2, 179.99, 0, 359.98),
(1544, 769, 20, 1, 199.99, 0, 199.99),
(1545, 769, 27, 2, 34.99, 0, 69.98),
(1546, 769, 11, 1, 34.99, 0, 34.99),
(1547, 770, 9, 1, 64.99, 5, 61.74),
(1548, 770, 8, 1, 89.99, 0, 89.99),
(1549, 770, 33, 4, 18.99, 0, 75.96),
(1550, 771, 11, 2, 34.99, 0, 69.98),
(1551, 771, 48, 1, 44.99, 0, 44.99),
(1552, 772, 34, 2, 79.99, 0, 159.98),
(1553, 773, 3, 1, 1249.99, 19, 1012.49),
(1554, 774, 30, 2, 22.99, 0, 45.98),
(1555, 775, 30, 2, 22.99, 0, 45.98),
(1556, 776, 22, 2, 89.99, 0, 179.98),
(1557, 776, 20, 2, 199.99, 14, 343.98),
(1558, 776, 13, 1, 199.99, 0, 199.99),
(1559, 777, 2, 1, 899.99, 0, 899.99),
(1560, 777, 19, 3, 44.99, 0, 134.97),
(1561, 777, 21, 3, 179.99, 0, 539.97),
(1562, 778, 35, 2, 14.99, 0, 29.98),
(1563, 778, 5, 1, 129.99, 0, 129.99),
(1564, 779, 18, 2, 34.99, 0, 69.98),
(1565, 779, 25, 1, 29.99, 0, 29.99),
(1566, 779, 30, 3, 22.99, 15, 58.62),
(1567, 780, 11, 1, 34.99, 0, 34.99),
(1568, 780, 34, 2, 79.99, 0, 159.98),
(1569, 780, 3, 1, 1249.99, 0, 1249.99),
(1570, 781, 2, 2, 899.99, 0, 1799.98),
(1571, 781, 16, 3, 159.99, 0, 479.97),
(1572, 781, 36, 1, 34.99, 0, 34.99),
(1573, 781, 37, 1, 44.99, 0, 44.99),
(1574, 781, 6, 1, 39.99, 0, 39.99),
(1575, 782, 17, 2, 27.99, 8, 51.5),
(1576, 783, 29, 3, 59.99, 18, 147.58),
(1577, 783, 50, 1, 34.99, 16, 29.39),
(1578, 784, 15, 2, 39.99, 2, 78.38),
(1579, 784, 18, 1, 34.99, 0, 34.99),
(1580, 784, 2, 1, 899.99, 15, 764.99),
(1581, 784, 33, 1, 18.99, 19, 15.38),
(1582, 785, 31, 3, 24.99, 0, 74.97),
(1583, 785, 1, 1, 79.99, 0, 79.99),
(1584, 786, 19, 1, 44.99, 0, 44.99),
(1585, 787, 50, 1, 34.99, 0, 34.99),
(1586, 788, 49, 1, 249.99, 0, 249.99),
(1587, 788, 15, 1, 39.99, 10, 35.99),
(1588, 788, 28, 1, 49.99, 0, 49.99),
(1589, 789, 18, 1, 34.99, 7, 32.54),
(1590, 789, 40, 2, 39.99, 0, 79.98),
(1591, 790, 6, 2, 39.99, 3, 77.58),
(1592, 790, 22, 4, 89.99, 14, 309.57),
(1593, 790, 1, 1, 79.99, 0, 79.99),
(1594, 791, 37, 1, 44.99, 0, 44.99),
(1595, 791, 46, 1, 249.99, 16, 209.99),
(1596, 792, 11, 2, 34.99, 0, 69.98),
(1597, 792, 22, 2, 89.99, 18, 147.58),
(1598, 792, 42, 1, 24.99, 0, 24.99),
(1599, 792, 6, 1, 39.99, 0, 39.99),
(1600, 792, 26, 3, 19.99, 0, 59.97);

INSERT INTO order_items (order_item_id, order_id, product_id, quantity, unit_price, discount, line_total) VALUES
(1601, 793, 49, 1, 249.99, 0, 249.99),
(1602, 794, 45, 1, 29.99, 0, 29.99),
(1603, 794, 1, 2, 79.99, 0, 159.98),
(1604, 794, 36, 1, 34.99, 4, 33.59),
(1605, 794, 8, 1, 89.99, 0, 89.99),
(1606, 794, 22, 3, 89.99, 3, 261.87),
(1607, 795, 5, 1, 129.99, 0, 129.99),
(1608, 796, 9, 2, 64.99, 0, 129.98),
(1609, 796, 21, 2, 179.99, 0, 359.98),
(1610, 796, 25, 1, 29.99, 0, 29.99),
(1611, 797, 25, 1, 29.99, 0, 29.99),
(1612, 797, 42, 1, 24.99, 0, 24.99),
(1613, 797, 5, 1, 129.99, 0, 129.99),
(1614, 797, 28, 1, 49.99, 0, 49.99),
(1615, 798, 31, 1, 24.99, 2, 24.49),
(1616, 799, 25, 2, 29.99, 0, 59.98),
(1617, 799, 32, 2, 69.99, 0, 139.98),
(1618, 800, 9, 1, 64.99, 0, 64.99),
(1619, 800, 17, 1, 27.99, 0, 27.99),
(1620, 800, 39, 1, 54.99, 9, 50.04),
(1621, 800, 29, 1, 59.99, 0, 59.99),
(1622, 800, 19, 1, 44.99, 10, 40.49),
(1623, 801, 45, 1, 29.99, 0, 29.99),
(1624, 801, 48, 4, 44.99, 0, 179.96),
(1625, 801, 9, 1, 64.99, 7, 60.44),
(1626, 802, 12, 2, 29.99, 0, 59.98),
(1627, 803, 29, 2, 59.99, 8, 110.38),
(1628, 803, 33, 2, 18.99, 0, 37.98),
(1629, 803, 20, 2, 199.99, 0, 399.98),
(1630, 804, 9, 1, 64.99, 0, 64.99),
(1631, 804, 8, 1, 89.99, 5, 85.49),
(1632, 805, 29, 2, 59.99, 0, 119.98),
(1633, 806, 47, 1, 19.99, 0, 19.99),
(1634, 806, 21, 1, 179.99, 19, 145.79),
(1635, 807, 15, 1, 39.99, 0, 39.99),
(1636, 808, 11, 1, 34.99, 4, 33.59),
(1637, 809, 26, 2, 19.99, 5, 37.98),
(1638, 809, 23, 3, 59.99, 12, 158.37),
(1639, 810, 24, 2, 14.99, 0, 29.98),
(1640, 810, 34, 1, 79.99, 6, 75.19),
(1641, 810, 49, 1, 249.99, 0, 249.99),
(1642, 811, 13, 2, 199.99, 0, 399.98),
(1643, 812, 31, 1, 24.99, 13, 21.74),
(1644, 812, 24, 3, 14.99, 4, 43.17),
(1645, 812, 45, 1, 29.99, 10, 26.99),
(1646, 813, 37, 1, 44.99, 0, 44.99),
(1647, 813, 19, 1, 44.99, 0, 44.99),
(1648, 813, 38, 1, 19.99, 0, 19.99),
(1649, 813, 14, 1, 44.99, 0, 44.99),
(1650, 813, 48, 1, 44.99, 0, 44.99),
(1651, 814, 28, 3, 49.99, 0, 149.97),
(1652, 815, 50, 1, 34.99, 0, 34.99),
(1653, 815, 27, 2, 34.99, 0, 69.98),
(1654, 816, 36, 1, 34.99, 0, 34.99),
(1655, 817, 47, 1, 19.99, 0, 19.99),
(1656, 817, 38, 2, 19.99, 0, 39.98),
(1657, 818, 44, 2, 89.99, 0, 179.98),
(1658, 819, 19, 2, 44.99, 20, 71.98),
(1659, 820, 27, 1, 34.99, 0, 34.99),
(1660, 820, 26, 1, 19.99, 16, 16.79),
(1661, 821, 26, 1, 19.99, 0, 19.99),
(1662, 821, 37, 1, 44.99, 0, 44.99),
(1663, 822, 5, 1, 129.99, 0, 129.99),
(1664, 823, 23, 1, 59.99, 0, 59.99),
(1665, 824, 20, 1, 199.99, 0, 199.99),
(1666, 825, 45, 2, 29.99, 8, 55.18),
(1667, 825, 46, 3, 249.99, 7, 697.47),
(1668, 826, 22, 1, 89.99, 0, 89.99),
(1669, 826, 28, 1, 49.99, 0, 49.99),
(1670, 826, 2, 3, 899.99, 0, 2699.97),
(1671, 827, 14, 2, 44.99, 0, 89.98),
(1672, 827, 26, 1, 19.99, 0, 19.99),
(1673, 827, 49, 2, 249.99, 0, 499.98),
(1674, 828, 19, 1, 44.99, 0, 44.99),
(1675, 828, 35, 2, 14.99, 0, 29.98),
(1676, 828, 42, 2, 24.99, 14, 42.98),
(1677, 829, 47, 1, 19.99, 0, 19.99),
(1678, 829, 14, 2, 44.99, 0, 89.98),
(1679, 829, 44, 1, 89.99, 9, 81.89),
(1680, 830, 9, 3, 64.99, 0, 194.97),
(1681, 831, 39, 1, 54.99, 0, 54.99),
(1682, 832, 45, 1, 29.99, 0, 29.99),
(1683, 833, 43, 1, 349.99, 0, 349.99),
(1684, 834, 6, 1, 39.99, 12, 35.19),
(1685, 835, 14, 7, 44.99, 20, 251.94),
(1686, 835, 39, 3, 54.99, 0, 164.97),
(1687, 836, 47, 2, 19.99, 0, 39.98),
(1688, 836, 5, 1, 129.99, 0, 129.99),
(1689, 836, 31, 3, 24.99, 0, 74.97),
(1690, 837, 33, 1, 18.99, 0, 18.99),
(1691, 837, 23, 2, 59.99, 0, 119.98),
(1692, 837, 16, 1, 159.99, 0, 159.99),
(1693, 838, 12, 2, 29.99, 0, 59.98),
(1694, 838, 31, 1, 24.99, 0, 24.99),
(1695, 839, 42, 1, 24.99, 0, 24.99),
(1696, 840, 43, 1, 349.99, 3, 339.49),
(1697, 840, 5, 1, 129.99, 0, 129.99),
(1698, 841, 11, 1, 34.99, 0, 34.99),
(1699, 841, 13, 1, 199.99, 0, 199.99),
(1700, 842, 28, 1, 49.99, 0, 49.99);

INSERT INTO order_items (order_item_id, order_id, product_id, quantity, unit_price, discount, line_total) VALUES
(1701, 842, 21, 1, 179.99, 0, 179.99),
(1702, 842, 26, 1, 19.99, 10, 17.99),
(1703, 843, 7, 1, 24.99, 0, 24.99),
(1704, 844, 21, 1, 179.99, 0, 179.99),
(1705, 844, 49, 1, 249.99, 0, 249.99),
(1706, 844, 18, 2, 34.99, 11, 62.28),
(1707, 845, 39, 1, 54.99, 0, 54.99),
(1708, 845, 36, 3, 34.99, 0, 104.97),
(1709, 846, 18, 1, 34.99, 0, 34.99),
(1710, 846, 48, 2, 44.99, 0, 89.98),
(1711, 847, 35, 1, 14.99, 12, 13.19),
(1712, 847, 43, 1, 349.99, 0, 349.99),
(1713, 848, 44, 1, 89.99, 0, 89.99),
(1714, 849, 5, 1, 129.99, 0, 129.99),
(1715, 850, 11, 2, 34.99, 2, 68.58),
(1716, 850, 50, 1, 34.99, 15, 29.74),
(1717, 850, 48, 2, 44.99, 0, 89.98),
(1718, 851, 27, 1, 34.99, 5, 33.24),
(1719, 852, 34, 3, 79.99, 14, 206.37),
(1720, 852, 42, 1, 24.99, 16, 20.99),
(1721, 853, 36, 1, 34.99, 0, 34.99),
(1722, 853, 42, 2, 24.99, 0, 49.98),
(1723, 853, 34, 8, 79.99, 1, 633.52),
(1724, 854, 4, 1, 49.99, 0, 49.99),
(1725, 855, 19, 1, 44.99, 0, 44.99),
(1726, 855, 49, 1, 249.99, 0, 249.99),
(1727, 856, 27, 2, 34.99, 13, 60.88),
(1728, 856, 5, 2, 129.99, 0, 259.98),
(1729, 857, 4, 3, 49.99, 17, 124.48),
(1730, 858, 43, 1, 349.99, 0, 349.99),
(1731, 858, 39, 1, 54.99, 0, 54.99),
(1732, 859, 18, 1, 34.99, 0, 34.99),
(1733, 859, 22, 2, 89.99, 0, 179.98),
(1734, 859, 27, 1, 34.99, 0, 34.99),
(1735, 859, 4, 7, 49.99, 0, 349.93),
(1736, 860, 7, 1, 24.99, 0, 24.99),
(1737, 860, 21, 2, 179.99, 0, 359.98),
(1738, 860, 4, 1, 49.99, 0, 49.99),
(1739, 861, 42, 2, 24.99, 0, 49.98),
(1740, 861, 20, 1, 199.99, 0, 199.99),
(1741, 861, 24, 2, 14.99, 0, 29.98),
(1742, 861, 34, 1, 79.99, 0, 79.99),
(1743, 861, 29, 1, 59.99, 0, 59.99),
(1744, 862, 29, 1, 59.99, 0, 59.99),
(1745, 862, 15, 1, 39.99, 0, 39.99),
(1746, 863, 30, 1, 22.99, 0, 22.99),
(1747, 863, 2, 2, 899.99, 0, 1799.98),
(1748, 863, 41, 1, 12.99, 0, 12.99),
(1749, 864, 14, 1, 44.99, 0, 44.99),
(1750, 864, 38, 1, 19.99, 0, 19.99),
(1751, 864, 10, 1, 149.99, 0, 149.99),
(1752, 865, 20, 1, 199.99, 14, 171.99),
(1753, 866, 22, 1, 89.99, 3, 87.29),
(1754, 866, 1, 1, 79.99, 0, 79.99),
(1755, 866, 8, 1, 89.99, 9, 81.89),
(1756, 866, 45, 1, 29.99, 0, 29.99),
(1757, 867, 39, 1, 54.99, 9, 50.04),
(1758, 867, 4, 1, 49.99, 17, 41.49),
(1759, 867, 16, 2, 159.99, 0, 319.98),
(1760, 868, 20, 1, 199.99, 3, 193.99),
(1761, 868, 18, 1, 34.99, 0, 34.99),
(1762, 868, 6, 2, 39.99, 8, 73.58),
(1763, 869, 26, 1, 19.99, 3, 19.39),
(1764, 870, 31, 2, 24.99, 17, 41.48),
(1765, 871, 49, 1, 249.99, 7, 232.49),
(1766, 871, 50, 2, 34.99, 0, 69.98),
(1767, 872, 17, 2, 27.99, 1, 55.42),
(1768, 873, 22, 1, 89.99, 0, 89.99),
(1769, 874, 46, 2, 249.99, 19, 404.98),
(1770, 875, 2, 1, 899.99, 0, 899.99),
(1771, 875, 38, 1, 19.99, 17, 16.59),
(1772, 876, 15, 2, 39.99, 0, 79.98),
(1773, 877, 45, 3, 29.99, 7, 83.67),
(1774, 878, 11, 2, 34.99, 0, 69.98),
(1775, 879, 15, 1, 39.99, 13, 34.79),
(1776, 879, 16, 1, 159.99, 0, 159.99),
(1777, 879, 40, 1, 39.99, 0, 39.99),
(1778, 879, 18, 3, 34.99, 0, 104.97),
(1779, 880, 26, 2, 19.99, 0, 39.98),
(1780, 880, 28, 2, 49.99, 0, 99.98),
(1781, 881, 22, 2, 89.99, 0, 179.98),
(1782, 881, 42, 1, 24.99, 0, 24.99),
(1783, 882, 23, 1, 59.99, 10, 53.99),
(1784, 882, 1, 1, 79.99, 14, 68.79),
(1785, 883, 39, 1, 54.99, 14, 47.29),
(1786, 884, 48, 2, 44.99, 0, 89.98),
(1787, 884, 23, 2, 59.99, 0, 119.98),
(1788, 884, 1, 1, 79.99, 0, 79.99),
(1789, 884, 12, 1, 29.99, 0, 29.99),
(1790, 884, 31, 1, 24.99, 0, 24.99),
(1791, 885, 23, 1, 59.99, 0, 59.99),
(1792, 886, 8, 3, 89.99, 16, 226.77),
(1793, 887, 27, 2, 34.99, 0, 69.98),
(1794, 887, 1, 5, 79.99, 0, 399.95),
(1795, 888, 9, 1, 64.99, 0, 64.99),
(1796, 888, 5, 1, 129.99, 0, 129.99),
(1797, 889, 44, 1, 89.99, 19, 72.89),
(1798, 890, 5, 3, 129.99, 0, 389.97),
(1799, 891, 39, 1, 54.99, 11, 48.94),
(1800, 891, 20, 3, 199.99, 0, 599.97);

INSERT INTO order_items (order_item_id, order_id, product_id, quantity, unit_price, discount, line_total) VALUES
(1801, 891, 33, 1, 18.99, 0, 18.99),
(1802, 892, 48, 1, 44.99, 0, 44.99),
(1803, 892, 23, 1, 59.99, 0, 59.99),
(1804, 893, 6, 3, 39.99, 0, 119.97),
(1805, 894, 6, 1, 39.99, 0, 39.99),
(1806, 894, 4, 1, 49.99, 0, 49.99),
(1807, 895, 29, 1, 59.99, 0, 59.99),
(1808, 895, 9, 2, 64.99, 0, 129.98),
(1809, 895, 30, 1, 22.99, 9, 20.92),
(1810, 896, 41, 2, 12.99, 4, 24.94),
(1811, 897, 14, 3, 44.99, 0, 134.97),
(1812, 897, 48, 1, 44.99, 0, 44.99),
(1813, 898, 50, 1, 34.99, 0, 34.99),
(1814, 899, 42, 3, 24.99, 0, 74.97),
(1815, 899, 20, 2, 199.99, 6, 375.98),
(1816, 900, 7, 1, 24.99, 0, 24.99),
(1817, 900, 16, 1, 159.99, 0, 159.99),
(1818, 901, 18, 3, 34.99, 12, 92.37),
(1819, 901, 13, 2, 199.99, 8, 367.98),
(1820, 901, 20, 1, 199.99, 20, 159.99),
(1821, 902, 1, 1, 79.99, 0, 79.99),
(1822, 902, 2, 1, 899.99, 0, 899.99),
(1823, 902, 40, 1, 39.99, 8, 36.79),
(1824, 903, 3, 2, 1249.99, 0, 2499.98),
(1825, 904, 48, 3, 44.99, 15, 114.72),
(1826, 904, 20, 1, 199.99, 0, 199.99),
(1827, 904, 29, 1, 59.99, 9, 54.59),
(1828, 905, 15, 1, 39.99, 0, 39.99),
(1829, 906, 48, 1, 44.99, 0, 44.99),
(1830, 906, 33, 2, 18.99, 0, 37.98),
(1831, 906, 25, 1, 29.99, 0, 29.99),
(1832, 907, 32, 2, 69.99, 13, 121.78),
(1833, 907, 7, 1, 24.99, 0, 24.99),
(1834, 907, 33, 2, 18.99, 10, 34.18),
(1835, 907, 1, 2, 79.99, 0, 159.98),
(1836, 907, 45, 1, 29.99, 0, 29.99),
(1837, 908, 31, 3, 24.99, 0, 74.97),
(1838, 908, 12, 2, 29.99, 0, 59.98),
(1839, 908, 47, 1, 19.99, 3, 19.39),
(1840, 909, 5, 2, 129.99, 0, 259.98),
(1841, 910, 39, 1, 54.99, 0, 54.99),
(1842, 911, 20, 2, 199.99, 0, 399.98),
(1843, 912, 4, 1, 49.99, 0, 49.99),
(1844, 912, 13, 1, 199.99, 0, 199.99),
(1845, 913, 33, 2, 18.99, 0, 37.98),
(1846, 913, 10, 1, 149.99, 0, 149.99),
(1847, 913, 31, 1, 24.99, 0, 24.99),
(1848, 913, 4, 1, 49.99, 0, 49.99),
(1849, 914, 15, 1, 39.99, 0, 39.99),
(1850, 915, 33, 2, 18.99, 0, 37.98),
(1851, 915, 10, 1, 149.99, 0, 149.99),
(1852, 915, 46, 2, 249.99, 0, 499.98),
(1853, 915, 50, 1, 34.99, 0, 34.99),
(1854, 916, 3, 1, 1249.99, 0, 1249.99),
(1855, 916, 4, 1, 49.99, 0, 49.99),
(1856, 917, 32, 1, 69.99, 0, 69.99),
(1857, 917, 25, 3, 29.99, 0, 89.97),
(1858, 918, 43, 2, 349.99, 0, 699.98),
(1859, 919, 10, 1, 149.99, 0, 149.99),
(1860, 919, 36, 2, 34.99, 0, 69.98),
(1861, 919, 8, 1, 89.99, 0, 89.99),
(1862, 919, 16, 1, 159.99, 3, 155.19),
(1863, 919, 40, 1, 39.99, 0, 39.99),
(1864, 920, 10, 1, 149.99, 0, 149.99),
(1865, 921, 5, 1, 129.99, 0, 129.99),
(1866, 921, 2, 1, 899.99, 0, 899.99),
(1867, 921, 50, 1, 34.99, 0, 34.99),
(1868, 921, 26, 2, 19.99, 0, 39.98),
(1869, 921, 9, 1, 64.99, 13, 56.54),
(1870, 922, 20, 1, 199.99, 0, 199.99),
(1871, 922, 14, 1, 44.99, 0, 44.99),
(1872, 923, 12, 1, 29.99, 0, 29.99),
(1873, 924, 2, 1, 899.99, 18, 737.99),
(1874, 924, 23, 2, 59.99, 0, 119.98),
(1875, 924, 38, 2, 19.99, 0, 39.98),
(1876, 924, 10, 2, 149.99, 0, 299.98),
(1877, 925, 14, 2, 44.99, 0, 89.98),
(1878, 925, 43, 1, 349.99, 17, 290.49),
(1879, 926, 6, 1, 39.99, 19, 32.39),
(1880, 927, 50, 1, 34.99, 0, 34.99),
(1881, 927, 23, 1, 59.99, 11, 53.39),
(1882, 928, 40, 1, 39.99, 0, 39.99),
(1883, 928, 32, 1, 69.99, 19, 56.69),
(1884, 929, 2, 2, 899.99, 0, 1799.98),
(1885, 929, 7, 3, 24.99, 16, 62.97),
(1886, 930, 23, 2, 59.99, 18, 98.38),
(1887, 930, 47, 1, 19.99, 9, 18.19),
(1888, 930, 21, 1, 179.99, 0, 179.99),
(1889, 930, 50, 1, 34.99, 17, 29.04),
(1890, 931, 32, 1, 69.99, 12, 61.59),
(1891, 932, 1, 1, 79.99, 12, 70.39),
(1892, 932, 29, 1, 59.99, 0, 59.99),
(1893, 932, 2, 1, 899.99, 2, 881.99),
(1894, 933, 17, 1, 27.99, 2, 27.43),
(1895, 933, 16, 1, 159.99, 0, 159.99),
(1896, 933, 30, 2, 22.99, 0, 45.98),
(1897, 934, 40, 1, 39.99, 0, 39.99),
(1898, 934, 7, 3, 24.99, 0, 74.97),
(1899, 935, 31, 2, 24.99, 0, 49.98),
(1900, 936, 33, 2, 18.99, 0, 37.98);

INSERT INTO order_items (order_item_id, order_id, product_id, quantity, unit_price, discount, line_total) VALUES
(1901, 936, 40, 1, 39.99, 0, 39.99),
(1902, 936, 50, 2, 34.99, 19, 56.68),
(1903, 936, 5, 1, 129.99, 0, 129.99),
(1904, 937, 27, 1, 34.99, 0, 34.99),
(1905, 937, 17, 1, 27.99, 0, 27.99),
(1906, 937, 26, 1, 19.99, 0, 19.99),
(1907, 938, 24, 1, 14.99, 0, 14.99),
(1908, 938, 2, 1, 899.99, 17, 746.99),
(1909, 939, 24, 2, 14.99, 0, 29.98),
(1910, 940, 14, 3, 44.99, 0, 134.97),
(1911, 940, 5, 1, 129.99, 0, 129.99),
(1912, 941, 5, 1, 129.99, 13, 113.09),
(1913, 941, 27, 1, 34.99, 0, 34.99),
(1914, 942, 11, 2, 34.99, 0, 69.98),
(1915, 943, 29, 1, 59.99, 0, 59.99),
(1916, 944, 35, 2, 14.99, 0, 29.98),
(1917, 944, 10, 3, 149.99, 4, 431.97),
(1918, 945, 4, 1, 49.99, 0, 49.99),
(1919, 946, 6, 1, 39.99, 16, 33.59),
(1920, 947, 10, 2, 149.99, 19, 242.98),
(1921, 947, 31, 1, 24.99, 0, 24.99),
(1922, 948, 37, 1, 44.99, 0, 44.99),
(1923, 948, 17, 2, 27.99, 0, 55.98),
(1924, 949, 9, 3, 64.99, 0, 194.97),
(1925, 949, 43, 2, 349.99, 0, 699.98),
(1926, 949, 10, 1, 149.99, 0, 149.99),
(1927, 950, 29, 1, 59.99, 0, 59.99),
(1928, 950, 10, 1, 149.99, 2, 146.99),
(1929, 950, 34, 1, 79.99, 0, 79.99),
(1930, 950, 26, 1, 19.99, 0, 19.99),
(1931, 950, 2, 3, 899.99, 0, 2699.97),
(1932, 951, 28, 2, 49.99, 0, 99.98),
(1933, 951, 36, 1, 34.99, 16, 29.39),
(1934, 951, 17, 1, 27.99, 17, 23.23),
(1935, 951, 27, 2, 34.99, 13, 60.88),
(1936, 952, 17, 1, 27.99, 14, 24.07),
(1937, 952, 4, 1, 49.99, 0, 49.99),
(1938, 953, 48, 1, 44.99, 0, 44.99),
(1939, 954, 36, 2, 34.99, 0, 69.98),
(1940, 954, 49, 1, 249.99, 5, 237.49),
(1941, 955, 10, 2, 149.99, 0, 299.98),
(1942, 955, 9, 3, 64.99, 12, 171.57),
(1943, 956, 46, 1, 249.99, 0, 249.99),
(1944, 956, 20, 1, 199.99, 0, 199.99),
(1945, 956, 42, 3, 24.99, 0, 74.97),
(1946, 957, 42, 2, 24.99, 0, 49.98),
(1947, 957, 23, 1, 59.99, 10, 53.99),
(1948, 957, 41, 1, 12.99, 20, 10.39),
(1949, 958, 8, 2, 89.99, 0, 179.98),
(1950, 958, 3, 2, 1249.99, 18, 2049.98),
(1951, 959, 40, 3, 39.99, 0, 119.97),
(1952, 960, 40, 2, 39.99, 0, 79.98),
(1953, 960, 21, 1, 179.99, 0, 179.99),
(1954, 961, 23, 1, 59.99, 0, 59.99),
(1955, 962, 21, 1, 179.99, 2, 176.39),
(1956, 963, 35, 2, 14.99, 7, 27.88),
(1957, 963, 32, 2, 69.99, 15, 118.98),
(1958, 964, 19, 2, 44.99, 0, 89.98),
(1959, 964, 2, 2, 899.99, 19, 1457.98),
(1960, 965, 21, 1, 179.99, 9, 163.79),
(1961, 965, 22, 1, 89.99, 0, 89.99),
(1962, 966, 36, 3, 34.99, 17, 87.13),
(1963, 966, 18, 1, 34.99, 0, 34.99),
(1964, 967, 17, 1, 27.99, 0, 27.99),
(1965, 968, 25, 2, 29.99, 4, 57.58),
(1966, 968, 48, 1, 44.99, 5, 42.74),
(1967, 969, 33, 1, 18.99, 0, 18.99),
(1968, 969, 28, 1, 49.99, 0, 49.99),
(1969, 969, 5, 2, 129.99, 0, 259.98),
(1970, 970, 15, 1, 39.99, 0, 39.99),
(1971, 971, 14, 3, 44.99, 0, 134.97),
(1972, 971, 34, 2, 79.99, 0, 159.98),
(1973, 972, 20, 1, 199.99, 8, 183.99),
(1974, 972, 13, 2, 199.99, 14, 343.98),
(1975, 973, 8, 1, 89.99, 0, 89.99),
(1976, 974, 15, 1, 39.99, 0, 39.99),
(1977, 975, 33, 3, 18.99, 0, 56.97),
(1978, 975, 13, 1, 199.99, 0, 199.99),
(1979, 976, 13, 1, 199.99, 0, 199.99),
(1980, 976, 18, 1, 34.99, 19, 28.34),
(1981, 976, 40, 1, 39.99, 0, 39.99),
(1982, 977, 40, 2, 39.99, 0, 79.98),
(1983, 977, 39, 1, 54.99, 0, 54.99),
(1984, 978, 31, 3, 24.99, 0, 74.97),
(1985, 978, 41, 1, 12.99, 0, 12.99),
(1986, 979, 36, 3, 34.99, 6, 98.67),
(1987, 979, 48, 1, 44.99, 0, 44.99),
(1988, 980, 17, 2, 27.99, 0, 55.98),
(1989, 981, 48, 1, 44.99, 0, 44.99),
(1990, 982, 14, 1, 44.99, 0, 44.99),
(1991, 982, 5, 7, 129.99, 0, 909.93),
(1992, 982, 17, 2, 27.99, 16, 47.02),
(1993, 983, 40, 1, 39.99, 2, 39.19),
(1994, 983, 33, 2, 18.99, 16, 31.9),
(1995, 983, 3, 2, 1249.99, 6, 2349.98),
(1996, 983, 37, 2, 44.99, 0, 89.98),
(1997, 983, 38, 1, 19.99, 0, 19.99),
(1998, 984, 37, 2, 44.99, 0, 89.98),
(1999, 985, 45, 2, 29.99, 16, 50.38),
(2000, 986, 50, 1, 34.99, 13, 30.44);

INSERT INTO order_items (order_item_id, order_id, product_id, quantity, unit_price, discount, line_total) VALUES
(2001, 987, 49, 1, 249.99, 0, 249.99),
(2002, 987, 29, 1, 59.99, 0, 59.99),
(2003, 987, 36, 2, 34.99, 7, 65.08),
(2004, 987, 28, 2, 49.99, 6, 93.98),
(2005, 988, 11, 2, 34.99, 1, 69.28),
(2006, 989, 2, 2, 899.99, 0, 1799.98),
(2007, 989, 47, 1, 19.99, 0, 19.99),
(2008, 990, 24, 3, 14.99, 0, 44.97),
(2009, 991, 22, 1, 89.99, 0, 89.99),
(2010, 992, 20, 1, 199.99, 15, 169.99),
(2011, 993, 3, 2, 1249.99, 0, 2499.98),
(2012, 994, 18, 1, 34.99, 0, 34.99),
(2013, 995, 25, 3, 29.99, 0, 89.97),
(2014, 995, 15, 2, 39.99, 0, 79.98),
(2015, 995, 20, 1, 199.99, 0, 199.99),
(2016, 996, 45, 1, 29.99, 10, 26.99),
(2017, 996, 31, 1, 24.99, 0, 24.99),
(2018, 997, 23, 1, 59.99, 0, 59.99),
(2019, 997, 5, 1, 129.99, 0, 129.99),
(2020, 998, 40, 1, 39.99, 0, 39.99),
(2021, 998, 13, 1, 199.99, 0, 199.99),
(2022, 999, 29, 1, 59.99, 0, 59.99),
(2023, 1000, 45, 1, 29.99, 0, 29.99);

-- ============================================
-- Import Complete! All 7 tables loaded.
-- ============================================